State,State_FIPS,Year,Total_Pop_25_Plus,Edu_12th_No_Diploma,Edu_HS_GED_or_Equiv,Edu_Some_College_Less_1_Year,Edu_Some_College_1_Plus_Year,Edu_Associates_Degree,Edu_Bachelors_Degree,Edu_Masters_Degree,Edu_Professional_Degree,Edu_Doctorate_Degree,HS_Grad_or_Higher_Count,HS_Grad_or_Higher_Pct
Alabama,1,2005,2944634,72646,941983,175947,418334,196856,398907,164897,43349,23455,2363728,80.27
Alaska,2,2005,387609,4110,112102,28929,76352,29751,66674,28723,6375,3969,352875,91.04
Arizona,4,2005,3703355,86885,948896,290439,618743,300033,601547,241259,68500,35406,3104823,83.84
Arkansas,5,2005,1777242,43257,631853,119791,254394,98353,223069,78480,21829,11939,1439708,81.01
California,6,2005,22299041,675434,4868430,1435974,3256900,1709579,4215208,1569864,505644,295244,17856843,80.08
Colorado,8,2005,2964773,57064,706673,190557,449186,231380,685481,259801,64676,41219,2628973,88.67
Connecticut,9,2005,2300565,42118,675701,129353,249919,163904,459099,245405,64701,34010,2022092,87.9
Delaware,10,2005,551079,12794,181831,33252,66614,38176,90574,42809,10139,8357,471752,85.61
District of Columbia,11,2005,371932,10043,78164,14881,37162,12338,74565,53494,27712,12537,310853,83.58
Florida,12,2005,11850782,341459,3619623,856642,1572229,997871,1936734,682565,248139,111150,10024953,84.59
Georgia,13,2005,5632169,124252,1669685,346304,759806,357060,992829,375150,107223,53660,4661717,82.77
Hawaii,15,2005,828917,14792,253116,45978,122356,76867,155858,49069,16673,10041,729958,88.06
Idaho,16,2005,877031,17878,259993,71023,155546,69670,139596,45913,10971,7893,760605,86.72
Illinois,17,2005,8079881,181694,2283031,578545,1108107,594479,1480111,622304,170990,88532,6926099,85.72
Indiana,18,2005,3956723,80181,1468342,280602,509350,276886,534551,215365,56688,34272,3376056,85.32
Iowa,19,2005,1927018,29681,692441,136070,261614,176941,317164,95001,30263,16279,1725773,89.56
Kansas,20,2005,1725825,25514,520710,142487,257591,124662,320356,118757,30162,16687,1531412,88.74
Kentucky,21,2005,2715805,55501,941493,169361,336290,174123,312484,150050,40945,20376,2145122,78.99
Louisiana,22,2005,2791859,66690,977629,158641,408974,127732,375088,126432,49141,23722,2247359,80.5
Maine,23,2005,899536,13295,325305,49401,113417,82032,152744,53115,14850,9628,800492,88.99
Maryland,24,2005,3583616,86227,955095,243795,458021,224327,691771,371356,100266,74567,3119198,87.04
Massachusetts,25,2005,4243260,81069,1164066,217752,460613,327297,895971,465688,112906,89593,3733886,88.0
Michigan,26,2005,6454327,136465,2026459,509756,973031,516393,977313,444082,113009,57102,5617145,87.03
Minnesota,27,2005,3292174,49076,923552,233730,511521,313973,690482,218705,67213,34458,2993634,90.93
Mississippi,28,2005,1797084,42588,575561,100963,257002,140767,218351,79507,24839,12863,1409853,78.45
Missouri,29,2005,3729604,78969,1249751,285874,518936,222586,572749,225500,62647,33589,3171632,85.04
Montana,30,2005,619546,9038,197873,45961,109020,45384,114067,33072,9477,7293,562147,90.74
Nebraska,31,2005,1109836,16237,340138,85539,166887,97911,208864,63549,20278,10137,993303,89.5
Nevada,32,2005,1554923,50680,478672,127718,251355,108486,218353,67670,24207,10742,1287203,82.78
New Hampshire,33,2005,867694,15669,265622,52603,107133,78480,174551,74895,14621,12020,779925,89.88
New Jersey,34,2005,5666759,152457,1670430,318332,609775,349036,1232096,492156,146290,69652,4887767,86.25
New Mexico,35,2005,1208938,28172,345549,73417,185196,83468,172004,91411,20684,19424,991153,81.99
New York,36,2005,12546501,344904,3659953,660901,1301858,1033232,2243704,1184302,339927,156000,10579877,84.33
North Carolina,37,2005,5568889,106039,1638855,351756,737468,456290,951509,312568,79129,56356,4583931,82.31
North Dakota,38,2005,414015,6296,119819,27349,66109,46358,77591,18396,5901,3625,365148,88.2
Ohio,39,2005,7405261,180119,2715259,503215,929779,518113,1094740,439485,128469,62878,6391938,86.32
Oklahoma,40,2005,2244755,56021,721388,180937,333337,155119,341041,111172,32719,17522,1893235,84.34
Oregon,41,2005,2384818,57786,627297,194561,428407,174291,423469,162876,47609,27207,2085717,87.46
Pennsylvania,42,2005,8180457,168094,3160932,453088,801242,576246,1300563,542929,161314,95058,7091372,86.69
Rhode Island,44,2005,705426,13855,205724,40623,78259,57534,125960,58024,14191,8718,589033,83.5
South Carolina,45,2005,2723305,53654,856809,178118,341793,222878,409744,153795,40446,21272,2224855,81.7
South Dakota,46,2005,485733,7463,158891,30489,74784,46541,85688,22154,8091,3964,430602,88.65
Tennessee,47,2005,3907666,84563,1348744,235566,516946,219264,552189,201353,59741,37460,3171263,81.15
Texas,48,2005,13771855,309196,3612343,930758,1997433,844048,2335267,788746,219176,117623,10845394,78.75
Utah,49,2005,1387825,28203,361729,114262,259646,128462,266352,85226,20905,14447,1251029,90.14
Vermont,50,2005,419246,5701,134142,21356,48267,35034,84510,36249,8687,6788,375033,89.45
Virginia,51,2005,4866265,88631,1297610,293719,630307,318555,964059,461718,120013,69214,4155195,85.39
Washington,53,2005,4074619,87300,1023914,324757,671465,373534,800293,297500,79120,49689,3620272,88.85
West Virginia,54,2005,1239234,21493,518760,74435,135603,67494,126013,59443,15630,8692,1006070,81.18
Wisconsin,55,2005,3579057,73215,1233028,254715,482185,313773,602795,202636,56630,31138,3176900,88.76
Wyoming,56,2005,332295,5191,111970,29241,58885,26487,51488,17490,4679,3287,303527,91.34
Puerto Rico,72,2005,2431653,45944,588130,52260,238023,231848,377437,83104,26771,17986,1615559,66.44
Alabama,1,2006,3022878,66290,986222,170607,426844,201639,403122,163500,42748,27446,2422128,80.13
Alaska,2,2006,415630,4143,119251,30851,80626,30563,72258,28236,7102,4005,372892,89.72
Arizona,4,2006,3953375,90716,1056153,289049,656635,303046,643182,257171,68183,38153,3311572,83.77
Arkansas,5,2006,1847325,39396,671500,115382,263152,100619,221233,76427,23734,15229,1487276,80.51
California,6,2006,23133174,620913,5368962,1366962,3317609,1767989,4311428,1590349,496576,307945,18527820,80.09
Colorado,8,2006,3118500,54573,765604,189178,483754,235974,685736,280669,64688,40087,2745690,88.05
Connecticut,9,2006,2367511,39746,704762,131811,277521,172604,456201,246006,62817,32387,2084109,88.03
Delaware,10,2006,566312,11802,192075,35019,65150,39294,93121,43881,8660,7166,484366,85.53
District of Columbia,11,2006,395630,9534,81738,15242,39526,15367,80945,61569,24421,14654,333462,84.29
Florida,12,2006,12460438,315806,3880665,817624,1619829,1062507,2044646,728533,266297,114974,10535075,84.55
Georgia,13,2006,5968250,120609,1811581,323372,796506,387088,1035445,388502,105112,57566,4905172,82.19
Hawaii,15,2006,863019,13286,254442,44352,128706,84657,171316,55127,20255,9385,768240,89.02
Idaho,16,2006,919203,14908,277120,72961,160267,77659,148953,44219,13913,7291,802383,87.29
Illinois,17,2006,8326130,170232,2405207,549347,1120616,599632,1505856,641021,168945,89942,7080566,85.04
Indiana,18,2006,4110754,75683,1521427,271528,521764,296052,561008,235770,59028,35683,3502260,85.2
Iowa,19,2006,1952026,27568,695373,132984,261106,177466,324529,97351,29715,17327,1735851,88.93
Kansas,20,2006,1771185,28494,536037,138419,265349,121441,331537,125764,31384,17176,1567107,88.48
Kentucky,21,2006,2812772,46537,975858,168763,349391,181645,332480,164226,43869,21820,2238052,79.57
Louisiana,22,2006,2734518,61956,961890,144628,387626,122472,367069,123169,43538,20287,2170679,79.38
Maine,23,2006,923328,13391,337675,50667,114206,78612,155686,57622,15327,9586,819381,88.74
Maryland,24,2006,3717512,73476,998620,224547,467764,244076,721296,390671,107043,84087,3238104,87.1
Massachusetts,25,2006,4345561,81560,1226480,208654,444306,332930,930252,469700,112792,96004,3821118,87.93
Michigan,26,2006,6638666,131411,2157157,504710,988055,514685,1016033,439373,110969,59087,5790069,87.22
Minnesota,27,2006,3387448,50150,969471,227525,517517,326228,705316,218879,67492,38988,3071416,90.67
Mississippi,28,2006,1839682,37888,588543,99481,265530,134677,232501,76657,22716,13488,1433593,77.93
Missouri,29,2006,3849275,73521,1293654,272176,523187,241943,599937,238049,59222,36302,3264470,84.81
Montana,30,2006,630680,9748,201230,39650,103207,50990,119732,37043,10167,6065,568084,90.07
Nebraska,31,2006,1135868,15054,351267,85090,175445,99502,210045,63613,19840,12205,1017007,89.54
Nevada,32,2006,1644320,48442,520461,136102,262400,118578,223358,81708,24133,12217,1378957,83.86
New Hampshire,33,2006,896872,13233,274960,55895,104534,84344,185549,74015,15644,11208,806149,89.88
New Jersey,34,2006,5871240,126282,1785750,307995,639828,355777,1235533,511596,138858,77727,5053064,86.06
New Mexico,35,2006,1239433,24364,343109,72391,191588,89009,179016,92352,20028,22430,1009923,81.48
New York,36,2006,12845882,306615,3830283,581341,1351512,1031187,2293158,1197364,348382,165061,10798288,84.06
North Carolina,37,2006,5845235,99950,1738948,359781,769256,474966,966882,337331,83942,62923,4794029,82.02
North Dakota,38,2006,409865,4086,122742,25502,62332,45720,78243,18297,5183,3036,361055,88.09
Ohio,39,2006,7602462,156597,2817083,504189,949398,541151,1115230,444112,123150,62314,6556627,86.24
Oklahoma,40,2006,2312121,51420,783807,160247,342381,150495,344470,117576,33072,16865,1948913,84.29
Oregon,41,2006,2501372,53918,668558,203204,433453,196595,439070,170010,50437,29499,2190826,87.58
Pennsylvania,42,2006,8431859,157961,3277304,450331,794372,600673,1332252,550619,164308,97993,7267852,86.2
Rhode Island,44,2006,712984,13076,209896,39058,76571,50690,130704,59467,14002,6783,587171,82.35
South Carolina,45,2006,2845744,54405,927647,155243,358659,224153,423447,161236,38275,24179,2312839,81.27
South Dakota,46,2006,505237,6830,171524,31622,71071,46367,88911,24683,7130,4813,446121,88.3
Tennessee,47,2006,4037826,78613,1388059,243138,530692,229634,571014,204344,61053,37877,3265811,80.88
Texas,48,2006,14551694,300345,3964551,906234,2063360,904933,2424828,821464,224129,125100,11434599,78.58
Utah,49,2006,1437561,25862,371677,112621,267688,134594,275297,90859,25852,18469,1297057,90.23
Vermont,50,2006,426930,6189,138289,21163,48824,36722,83968,37804,9058,7680,383508,89.83
Virginia,51,2006,5068993,83720,1376944,301053,644502,344472,988580,484058,112900,74418,4326927,85.36
Washington,53,2006,4253582,76171,1089695,304868,699777,395303,841454,320644,83049,51192,3785982,89.01
West Virginia,54,2006,1262933,18699,539089,67023,135886,72558,125706,59976,16307,6537,1023082,81.01
Wisconsin,55,2006,3682631,69031,1282027,243272,478329,324651,616542,216976,58579,33404,3253780,88.35
Wyoming,56,2006,339398,4631,111587,24608,60611,32273,52112,17543,4090,3403,306227,90.23
Puerto Rico,72,2006,2501147,35248,629888,45830,250204,208153,390700,84244,28352,15484,1652855,66.08
Alabama,1,2007,3045893,65970,978130,180036,436873,202115,408600,174737,43255,24817,2448563,80.39
Alaska,2,2007,421818,5476,127441,31901,76808,35925,67754,29327,7620,4906,381682,90.48
Arizona,4,2007,4075825,83018,1093262,286545,667194,322378,655897,267243,65824,43623,3401966,83.47
Arkansas,5,2007,1861810,40032,663851,115615,261604,109425,239729,82849,24289,13373,1510735,81.14
California,6,2007,23331762,591612,5396253,1320502,3336617,1782118,4425024,1636914,503868,317718,18719014,80.23
Colorado,8,2007,3203704,53673,797352,190334,500443,238931,721172,292431,66877,40788,2848328,88.91
Connecticut,9,2007,2359568,42757,695183,126770,261429,176018,455313,263174,66450,32803,2077140,88.03
Delaware,10,2007,573935,9428,191244,39566,76161,44904,90173,41301,10818,7581,501748,87.42
District of Columbia,11,2007,401018,8710,87444,14580,38455,12922,86234,62758,28101,13310,343804,85.73
Florida,12,2007,12588083,310687,3962460,817226,1605740,1060738,2123627,747206,254849,116762,10688608,84.91
Georgia,13,2007,6074860,110875,1852511,340876,804090,393747,1068497,404353,112918,58928,5035920,82.9
Hawaii,15,2007,873724,13071,260772,45307,129840,90011,168766,59348,17382,9868,781294,89.42
Idaho,16,2007,946131,17330,282497,76951,162931,82119,159333,48697,13237,10195,835960,88.36
Illinois,17,2007,8354987,159216,2432952,545043,1121684,598081,1541417,662876,171675,85869,7159597,85.69
Indiana,18,2007,4143519,80150,1542222,276389,526904,293297,586250,235280,58068,34873,3553283,85.76
Iowa,19,2007,1974476,27570,702217,138039,264442,185337,330681,102770,28109,18057,1769652,89.63
Kansas,20,2007,1790086,25140,541019,131564,274644,132752,339940,123211,32718,19733,1595581,89.13
Kentucky,21,2007,2840026,47005,1003985,173669,353444,176547,340467,158902,47357,21412,2275783,80.13
Louisiana,22,2007,2742822,54733,979695,147589,382412,122759,378156,120528,39969,20636,2191744,79.91
Maine,23,2007,922232,12576,334985,49240,111310,82539,161545,61596,15753,7793,824761,89.43
Maryland,24,2007,3713487,67544,1019051,228216,452507,238061,725785,396273,108038,78835,3246766,87.43
Massachusetts,25,2007,4369419,72265,1214179,212690,456584,322793,955812,496120,113097,90939,3862214,88.39
Michigan,26,2007,6647129,129907,2154359,501634,982119,531033,1013139,459743,110676,59894,5812597,87.45
Minnesota,27,2007,3429364,46728,980837,227951,524734,327051,719678,234825,70558,36403,3122037,91.04
Mississippi,28,2007,1838878,42356,586721,103992,270255,134999,228957,82670,22989,12854,1443437,78.5
Missouri,29,2007,3882538,66754,1305247,276103,543176,248346,607464,247294,59308,38149,3325087,85.64
Montana,30,2007,641019,11039,208019,38977,108467,48566,117607,39653,9902,5649,576840,89.99
Nebraska,31,2007,1139229,16545,350460,83279,170351,103150,213500,65640,21368,13108,1020856,89.61
Nevada,32,2007,1686098,45048,521941,131316,267922,122831,241395,85049,28993,11641,1411088,83.69
New Hampshire,33,2007,895981,11973,277516,51429,109168,81611,188538,79029,14106,9646,811043,90.52
New Jersey,34,2007,5850926,111096,1822803,293638,637473,356100,1240638,531049,138264,71265,5091230,87.02
New Mexico,35,2007,1267808,21065,364480,77416,196829,89851,185383,91389,19802,17733,1042883,82.26
New York,36,2007,12900108,290320,3793882,573344,1342882,1042663,2345752,1236237,349472,158523,10842755,84.05
North Carolina,37,2007,5959907,97161,1766873,364402,796283,491574,1015979,363888,86982,60239,4946220,82.99
North Dakota,38,2007,413331,5107,117971,27222,66768,49580,79929,17584,4874,3804,367732,88.97
Ohio,39,2007,7627615,142575,2805856,493399,956671,548843,1161216,479887,124997,69204,6640073,87.05
Oklahoma,40,2007,2340504,44293,773538,168486,354435,155740,355591,125367,34070,18082,1985309,84.82
Oregon,41,2007,2547452,51197,697165,192848,430869,200969,457737,181267,52129,29689,2242673,88.04
Pennsylvania,42,2007,8436765,154181,3240835,460820,822664,619921,1344889,580675,158071,95624,7323499,86.8
Rhode Island,44,2007,710152,12058,205846,44332,73975,53406,128125,58358,14991,10160,589193,82.97
South Carolina,45,2007,2909779,57609,954015,153422,366385,231461,445080,175927,39941,21401,2387632,82.06
South Dakota,46,2007,512902,7393,172858,31183,72888,47332,92168,25341,6123,4475,452368,88.2
Tennessee,47,2007,4122693,78293,1412303,254014,552292,236833,584565,215049,60660,39013,3354729,81.37
Texas,48,2007,14836320,275514,4023210,893035,2162650,927185,2512122,870518,219137,131148,11739005,79.12
Utah,49,2007,1495759,28929,398932,112839,273723,133937,293227,92934,25355,17884,1348831,90.18
Vermont,50,2007,427339,4413,139139,19766,47540,35655,88510,38563,9713,6955,385841,90.29
Virginia,51,2007,5104681,85120,1390436,298875,647569,332546,1011527,502108,121943,77669,4382673,85.86
Washington,53,2007,4327936,74459,1107575,338009,699624,410420,842952,331375,83111,52574,3865640,89.32
West Virginia,54,2007,1261455,20328,517789,71653,139370,76885,135597,58074,17841,6883,1024092,81.18
Wisconsin,55,2007,3727260,69973,1300021,253610,488648,328487,629443,226593,59467,31122,3317391,89.0
Wyoming,56,2007,342256,5642,108983,29913,58911,34296,53597,17871,4549,3909,312029,91.17
Puerto Rico,72,2007,2539282,34949,652285,47690,237865,208037,398178,93383,28872,18830,1685140,66.36
Alabama,1,2008,3078499,55421,974088,183411,476087,210308,439587,170625,41202,25656,2520964,81.89
Alaska,2,2008,424901,5563,112556,34487,92145,34122,74728,27470,7409,6427,389344,91.63
Arizona,4,2008,4192547,82063,1048111,323628,761762,328608,667004,271435,68078,45816,3514442,83.83
Arkansas,5,2008,1872814,31375,663108,128827,287455,104524,234355,81176,22826,13583,1535854,82.01
California,6,2008,23528476,605953,4903309,1374366,3847636,1789376,4432116,1654758,539371,335881,18876813,80.23
Colorado,8,2008,3263026,44239,746933,206238,536373,248519,748494,299716,69123,44134,2899530,88.86
Connecticut,9,2008,2364317,36869,661750,129893,285854,176357,481976,256635,67102,36197,2095764,88.64
Delaware,10,2008,581811,8172,182263,40506,82745,41966,96864,44629,10459,8026,507458,87.22
District of Columbia,11,2008,403768,6313,80069,12882,46618,11990,87093,60583,29912,17171,346318,85.77
Florida,12,2008,12699412,286333,3802995,823253,1856243,1061658,2134466,771580,247981,124420,10822596,85.22
Georgia,13,2008,6191871,100744,1817100,337015,937651,401040,1100034,424577,112797,65058,5195272,83.9
Hawaii,15,2008,873046,10259,250825,50743,147445,85014,167681,55608,21493,9391,788200,90.28
Idaho,16,2008,959162,15081,266100,80635,183910,82006,159133,47955,14261,8808,842808,87.87
Illinois,17,2008,8393247,161218,2295552,570016,1225856,608705,1565010,677947,174295,90442,7207823,85.88
Indiana,18,2008,4177420,74037,1466600,284320,581984,313410,617092,242891,58632,37756,3602685,86.24
Iowa,19,2008,1979224,24108,668417,161748,284544,191386,335245,96911,29339,18745,1786335,90.25
Kansas,20,2008,1806450,23758,504656,154277,288553,134503,353290,130565,32737,18363,1616944,89.51
Kentucky,21,2008,2872922,44508,989402,195854,393108,192580,337111,162109,45708,20360,2336232,81.32
Louisiana,22,2008,2830500,49923,990785,160348,436113,137845,389972,121972,39165,22741,2298941,81.22
Maine,23,2008,928594,10408,324960,58168,130535,83959,153102,59024,13541,9851,833140,89.72
Maryland,24,2008,3741795,56928,986866,229645,528731,230850,739285,385466,111735,79956,3292534,87.99
Massachusetts,25,2008,4397927,70075,1172132,217939,504445,331517,956049,498721,126357,94140,3901300,88.71
Michigan,26,2008,6627768,103514,2064234,533225,1067298,534335,1015678,446993,112101,65401,5839265,88.1
Minnesota,27,2008,3456013,45908,950861,245919,545232,333882,744626,232531,72822,39375,3165248,91.59
Mississippi,28,2008,1862456,35758,559994,109199,311775,145996,234364,88710,23391,14586,1488015,79.9
Missouri,29,2008,3915849,56496,1253360,290574,600159,263099,621851,255751,63585,38020,3386399,86.48
Montana,30,2008,648277,8198,200319,48597,115248,49516,121576,36162,11904,6189,589511,90.94
Nebraska,31,2008,1151267,13591,340895,94003,187227,103164,213091,66587,21768,10966,1037701,90.14
Nevada,32,2008,1710130,48767,486603,127413,320373,120278,254739,82770,24131,12175,1428482,83.53
New Hampshire,33,2008,903088,10635,262528,53650,120081,83703,192469,81088,16774,10556,820849,90.89
New Jersey,34,2008,5864395,106779,1727649,308531,701735,368268,1266033,531683,142075,77833,5123807,87.37
New Mexico,35,2008,1278005,20547,334339,78863,229456,94904,178600,96052,20322,20956,1053492,82.43
New York,36,2008,13072344,294525,3614690,609026,1541922,1054806,2368483,1273563,357113,174030,10993633,84.1
North Carolina,37,2008,6085315,81419,1680882,398464,926472,497276,1060313,371435,89164,65169,5089175,83.63
North Dakota,38,2008,418893,5099,113472,26724,71522,51090,85130,19474,5053,2986,375451,89.63
Ohio,39,2008,7664309,134073,2713868,541235,1047136,567394,1179230,476942,121994,68888,6716687,87.64
Oklahoma,40,2008,2359350,41374,758273,171389,404078,161141,353517,117398,32656,19486,2017938,85.53
Oregon,41,2008,2580555,45187,661252,211993,477479,211680,465367,177520,48953,33313,2287557,88.65
Pennsylvania,42,2008,8475332,133686,3164208,474042,922602,625930,1382175,582840,154745,105895,7412437,87.46
Rhode Island,44,2008,708746,13751,197197,38702,90841,53648,132534,57113,14284,8949,593268,83.71
South Carolina,45,2008,2960522,53817,913708,177902,418366,251946,449200,180739,42501,28056,2462418,83.18
South Dakota,46,2008,522989,5970,169985,35906,84985,50505,92952,24310,8400,5388,472431,90.33
Tennessee,47,2008,4176640,71745,1359011,275722,624345,251702,620919,225766,66554,41498,3465517,82.97
Texas,48,2008,15124846,261978,3848003,957568,2453487,951090,2582943,884047,220376,144734,12042248,79.62
Utah,49,2008,1554634,25057,379895,128957,297038,147843,306131,102498,24875,18235,1405472,90.41
Vermont,50,2008,429859,4385,141969,24306,47604,37553,85431,37108,9484,6065,389520,90.62
Virginia,51,2008,5155750,75433,1298100,316739,731772,346881,1027033,508011,120229,81709,4430474,85.93
Washington,53,2008,4387893,70843,1041543,367357,768445,408831,870887,335604,88419,52174,3933260,89.64
West Virginia,54,2008,1265065,15507,515881,73724,160601,73953,130855,61032,15023,9294,1040363,82.24
Wisconsin,55,2008,3758610,59889,1264002,263856,544865,330632,642270,228158,58856,36380,3369019,89.63
Wyoming,56,2008,349389,4693,106916,32319,63337,35190,54987,19502,5037,3031,320319,91.68
Puerto Rico,72,2008,2571234,39297,622098,54336,285176,217084,398934,94481,33311,17143,1722563,66.99
Alabama,1,2009,3115982,55700,966912,187044,499367,218551,447402,168782,43137,27222,2558417,82.11
Alaska,2,2009,431178,6784,119495,37554,89990,32532,75816,28369,6328,4022,394106,91.4
Arizona,4,2009,4248231,91080,1057329,329783,772503,330543,691996,279698,67951,46108,3575911,84.17
Arkansas,5,2009,1903914,34783,662671,128509,303367,115017,242389,83186,21009,12349,1568497,82.38
California,6,2009,23782109,585715,4979576,1408419,3876236,1797763,4553969,1685526,535673,335281,19172443,80.62
Colorado,8,2009,3293368,47588,743807,209006,545618,261847,762038,305896,71046,42614,2941872,89.33
Connecticut,9,2009,2370028,37046,667775,125561,287284,174809,475179,267418,66317,34588,2098931,88.56
Delaware,10,2009,595133,8838,185594,37374,81860,44146,103335,46372,11841,9543,520065,87.39
District of Columbia,11,2009,413396,6332,82834,16668,49467,10728,84646,64982,34211,16543,360079,87.1
Florida,12,2009,12800944,292413,3863394,834192,1902098,1083545,2081848,774248,251389,126229,10916943,85.28
Georgia,13,2009,6230326,99329,1799352,358517,952815,401660,1096655,430420,121361,67609,5228389,83.92
Hawaii,15,2009,882883,11146,254898,47135,147750,87354,173274,55549,20301,11971,798232,90.41
Idaho,16,2009,963730,16726,278026,79460,183541,80424,157721,50637,11919,9975,851703,88.38
Illinois,17,2009,8437673,146040,2302533,558417,1232742,615678,1593889,722570,175069,89935,7290833,86.41
Indiana,18,2009,4193210,64565,1487584,289297,595421,315650,606497,243990,56717,37116,3632272,86.62
Iowa,19,2009,1980897,22989,653961,154209,285931,201612,350245,101993,26140,18540,1792631,90.5
Kansas,20,2009,1809054,18730,517000,147802,296248,129360,348274,135787,30110,18833,1623414,89.74
Kentucky,21,2009,2877333,42414,981970,184226,392794,187874,358687,176453,46865,21562,2350431,81.69
Louisiana,22,2009,2896932,45500,994399,160117,466191,139674,419316,132638,46342,21835,2380512,82.17
Maine,23,2009,924973,8014,317244,57205,129235,81337,160080,62185,17126,9884,834296,90.2
Maryland,24,2009,3797739,56978,1013865,228093,519068,234060,748377,407755,112289,86847,3350354,88.22
Massachusetts,25,2009,4490445,66329,1181095,225591,523899,347972,980758,511504,121542,102774,3995135,88.97
Michigan,26,2009,6624875,104917,2057412,524202,1069444,543759,1005499,457832,107350,58145,5823643,87.91
Minnesota,27,2009,3486153,41960,972163,233308,545834,339711,738972,249118,70778,39173,3189057,91.48
Mississippi,28,2009,1865862,39181,572627,112354,317243,131978,234032,90007,26077,15544,1499862,80.38
Missouri,29,2009,3961562,60006,1267009,299930,608287,262736,623479,274878,62837,37901,3437057,86.76
Montana,30,2009,648828,8379,204204,40795,115452,51322,123649,37499,10077,6407,589405,90.84
Nebraska,31,2009,1153230,15669,329580,91717,191230,107574,214419,70105,18778,12163,1035566,89.8
Nevada,32,2009,1728239,43311,496477,123129,322939,131339,245697,91537,26255,12934,1450307,83.92
New Hampshire,33,2009,902747,9349,270372,58771,119371,86666,187812,75447,15871,9743,824053,91.28
New Jersey,34,2009,5905302,100380,1734474,306924,718669,364544,1273186,547305,140272,76718,5162092,87.41
New Mexico,35,2009,1290920,17850,340607,79404,226144,95854,192548,91400,22268,20914,1069139,82.82
New York,36,2009,13197392,275076,3641890,618565,1535027,1100827,2434198,1303712,363143,174410,11171772,84.65
North Carolina,37,2009,6150247,86524,1678361,406048,944802,524739,1091506,380622,93350,67095,5186523,84.33
North Dakota,38,2009,419435,3644,114416,27484,76429,51444,80126,20669,4203,3037,377808,90.08
Ohio,39,2009,7738348,130821,2726971,551910,1070663,564275,1183146,492385,123380,67865,6780595,87.62
Oklahoma,40,2009,2376783,38255,756075,173397,404943,158883,364742,124213,33287,18034,2033574,85.56
Oregon,41,2009,2586798,42715,624733,228394,483766,212845,484488,185851,50639,33481,2304197,89.08
Pennsylvania,42,2009,8609133,128894,3241376,477369,954377,624436,1394249,611013,159520,106488,7568828,87.92
Rhode Island,44,2009,715565,11992,200988,38939,89262,58849,134035,57940,15997,10004,606014,84.69
South Carolina,45,2009,3019333,53039,915789,177266,443326,253400,480232,185794,41368,27268,2524443,83.61
South Dakota,46,2009,523836,5603,169343,37400,82136,50545,93321,25027,8116,5090,470978,89.91
Tennessee,47,2009,4213368,71583,1388399,262695,624651,257969,636544,227079,64885,40758,3502980,83.14
Texas,48,2009,15361557,262837,3906082,975125,2525287,944093,2618635,924646,233320,140703,12267891,79.86
Utah,49,2009,1573179,25900,390291,130085,309692,143646,304181,101453,23716,18771,1421835,90.38
Vermont,50,2009,425483,4888,136581,22538,51750,35647,83936,41552,9128,6018,387150,90.99
Virginia,51,2009,5207987,69920,1324689,321413,749605,344109,1035382,530114,127210,77551,4510073,86.6
Washington,53,2009,4445351,72750,1067506,363669,764119,411431,885861,339071,92329,62467,3986453,89.68
West Virginia,54,2009,1263943,14076,518118,72234,162005,76063,133022,58690,16576,9982,1046690,82.81
Wisconsin,55,2009,3761656,60229,1283862,251824,537266,338575,648584,228481,53445,34918,3376955,89.77
Wyoming,56,2009,355793,5178,109962,30298,68974,32931,56495,19720,4993,3356,326729,91.83
Puerto Rico,72,2009,2595507,40114,659863,52401,286064,222600,419040,93824,28599,15271,1777662,68.49
Alabama,1,2010,3161521,58804,988205,184787,505576,225382,439863,182474,42102,28256,2596645,82.13
Alaska,2,2010,450577,5466,114055,33437,99780,37106,83346,30697,7333,4447,410201,91.04
Arizona,4,2010,4146758,74900,1040197,319403,780822,336950,691889,269415,66393,46338,3551407,85.64
Arkansas,5,2010,1919422,32547,664076,131402,300791,121711,252888,86916,22130,12084,1591998,82.94
California,6,2010,24097200,606859,5012413,1396739,3955068,1831667,4610875,1750623,543242,346531,19447158,80.7
Colorado,8,2010,3328045,48769,759326,221119,532205,260733,779055,312761,69802,49612,2984613,89.68
Connecticut,9,2010,2434383,37997,687618,136644,294767,173047,491990,265228,68795,39286,2157375,88.62
Delaware,10,2010,600779,8101,196159,37337,82708,43386,99400,45974,12072,9622,526658,87.66
District of Columbia,11,2010,416824,6631,84569,12360,45342,13337,96573,63707,33654,14890,364432,87.43
Florida,12,2010,13077179,306660,3916584,863171,1905622,1121500,2171876,810726,254682,133967,11178128,85.48
Georgia,13,2010,6235623,103095,1824976,356406,950094,422830,1093642,422766,118831,66519,5256064,84.29
Hawaii,15,2010,926928,13157,265263,49098,159739,85655,184364,57405,19618,12187,833329,89.9
Idaho,16,2010,987829,14719,282678,84047,183007,81703,165218,50378,14917,10415,872363,88.31
Illinois,17,2010,8465762,157253,2336176,564614,1241360,609204,1629625,702793,174077,97422,7355271,86.88
Indiana,18,2010,4229798,67455,1521860,284036,600584,315927,617193,249013,56328,36579,3681520,87.04
Iowa,19,2010,2018785,23822,681148,151849,289016,202577,344952,110369,29613,18617,1828141,90.56
Kansas,20,2010,1840681,24541,511343,153361,292638,135842,354379,138809,33138,21562,1641072,89.16
Kentucky,21,2010,2903308,43888,996825,187355,399825,198229,359930,169201,45773,21479,2378617,81.93
Louisiana,22,2010,2945907,47529,1012345,162060,457557,151174,424074,136832,43643,26346,2414031,81.95
Maine,23,2010,937014,10722,322397,59095,129068,84698,162350,64297,15546,8776,846227,90.31
Maryland,24,2010,3873474,58773,1004589,232246,532419,244750,762917,426847,113612,93467,3410847,88.06
Massachusetts,25,2010,4458898,65061,1168464,224007,504533,337594,992307,525464,122279,98849,3973497,89.11
Michigan,26,2010,6569801,104456,2032219,518719,1073412,549148,1023760,466019,102984,62418,5828679,88.72
Minnesota,27,2010,3528096,42921,963579,240701,558776,353299,760013,252536,71002,39285,3239191,91.81
Mississippi,28,2010,1904406,33258,583436,105016,322942,159702,236965,96893,22195,15466,1542615,81.0
Missouri,29,2010,3984849,62780,1269737,293959,606040,271659,639352,272880,66072,41515,3461214,86.86
Montana,30,2010,672952,9214,201082,43043,125870,53464,133356,38539,13100,8865,617319,91.73
Nebraska,31,2010,1184379,17089,335752,92549,196119,106676,232326,73363,19542,13840,1070167,90.36
Nevada,32,2010,1789530,45016,531333,128323,340886,126202,256589,88194,29629,13713,1514869,84.65
New Hampshire,33,2010,907755,9848,270680,52766,118561,90731,185129,83983,17655,10714,830219,91.46
New Jersey,34,2010,5970904,97474,1761246,293471,721305,367832,1321937,567392,140037,83950,5257170,88.05
New Mexico,35,2010,1341329,21152,354726,84327,249290,94493,189989,100346,21445,23296,1117912,83.34
New York,36,2010,13089848,268236,3627235,597794,1550865,1072055,2433331,1307200,346468,172793,11107741,84.86
North Carolina,37,2010,6325621,85553,1749642,409053,983064,545716,1123118,386138,95463,68600,5360794,84.75
North Dakota,38,2010,442946,4270,119871,29452,76704,51857,87414,24546,5878,4461,400183,90.35
Ohio,39,2010,7720849,133540,2718983,529424,1054114,602445,1210527,494391,119973,75899,6805756,88.15
Oklahoma,40,2010,2449213,36823,784855,182473,417473,166649,376600,130327,32960,20654,2111991,86.23
Oregon,41,2010,2614886,45758,653316,222760,489017,203853,478133,186388,52713,34569,2320749,88.75
Pennsylvania,42,2010,8654829,126243,3246315,471947,954393,638002,1445223,628765,163666,105831,7654142,88.44
Rhode Island,44,2010,709979,13404,192992,37989,94524,52759,128188,62231,13977,10190,592850,83.5
South Carolina,45,2010,3074357,53146,937777,182270,450521,259417,484341,198055,42507,29588,2584476,84.07
South Dakota,46,2010,532379,6207,168427,32346,83243,53362,98760,28369,8196,4461,477164,89.63
Tennessee,47,2010,4242391,75648,1422131,261534,621413,263107,621127,247545,64674,47018,3548549,83.65
Texas,48,2010,15772122,250883,4033241,1000564,2597665,1000561,2733721,967482,230575,159992,12723801,80.67
Utah,49,2010,1584824,29335,387683,123463,316330,143171,315627,105098,24821,19595,1435788,90.6
Vermont,50,2010,431042,5148,135729,26179,49757,35790,87638,41182,9139,6872,392286,91.01
Virginia,51,2010,5361301,76698,1363946,307391,771035,361635,1075786,553862,125398,80572,4639625,86.54
Washington,53,2010,4505657,68750,1072578,361229,787998,425322,897884,353426,87002,60926,4046365,89.81
West Virginia,54,2010,1294747,14521,538546,76265,160824,75046,140850,61097,14629,10269,1077526,83.22
Wisconsin,55,2010,3800295,56001,1265296,265851,537876,354494,659852,248657,55809,37035,3424870,90.12
Wyoming,56,2010,370951,3717,111983,31368,69831,39657,58232,22556,4396,4290,342313,92.28
Puerto Rico,72,2010,2444933,39989,623709,44276,273521,212186,389954,104324,31027,19116,1698113,69.45
Alabama,1,2011,3193078,57644,985450,193684,515504,236162,443488,190977,43117,32950,2641332,82.72
Alaska,2,2011,456862,4654,128373,35732,100675,34000,77153,29269,8000,6039,419241,91.77
Arizona,4,2011,4211223,84044,1036587,308284,796860,348197,719546,291892,64212,43548,3609126,85.7
Arkansas,5,2011,1943427,32623,693216,126508,300268,113074,254903,96313,25130,18474,1627886,83.76
California,6,2011,24443872,625239,5150994,1398960,3993070,1872437,4697422,1791770,559241,357887,19821781,81.09
Colorado,8,2011,3387310,48345,757700,217976,555829,281428,789859,331369,70901,50963,3056025,90.22
Connecticut,9,2011,2444403,40051,676513,128838,309180,179119,500103,275007,70962,37987,2177709,89.09
Delaware,10,2011,611120,10030,192931,37584,82244,42602,104599,49862,11217,10565,531604,86.99
District of Columbia,11,2011,428261,6770,75897,13822,47181,11907,99622,74134,34099,16909,373571,87.23
Florida,12,2011,13267581,306458,4033074,841270,1920222,1175984,2190780,843014,250768,144667,11399779,85.92
Georgia,13,2011,6308961,101783,1849141,341468,970101,419954,1119648,435733,113762,69822,5319629,84.32
Hawaii,15,2011,939512,13444,267463,49239,166948,94200,180231,63432,18812,10799,851124,90.59
Idaho,16,2011,998460,15521,275033,82382,186302,88949,174646,55345,12617,9487,884761,88.61
Illinois,17,2011,8521694,153252,2351322,552803,1259175,622949,1645334,712735,190433,95362,7430113,87.19
Indiana,18,2011,4255459,63628,1509773,281024,608829,334810,628173,255703,52157,43183,3713652,87.27
Iowa,19,2011,2027201,27381,670103,147145,284866,211899,358051,113481,31379,20188,1837112,90.62
Kansas,20,2011,1852094,25347,516483,146975,308756,137051,365541,141195,31501,19870,1667372,90.03
Kentucky,21,2011,2922350,44146,996929,199861,410936,203585,359975,183043,46260,26747,2427336,83.06
Louisiana,22,2011,2972737,50094,1024825,162308,481603,155360,415415,144023,44442,24060,2452036,82.48
Maine,23,2011,942537,8476,314456,58795,132305,83864,168605,69554,17910,11482,856971,90.92
Maryland,24,2011,3915657,57608,1010843,232406,546253,245892,800177,438160,111530,94505,3479766,88.87
Massachusetts,25,2011,4502048,69961,1165691,223207,515490,349778,1004133,528851,122197,107329,4016676,89.22
Michigan,26,2011,6588324,104733,2028204,517247,1060640,555968,1037602,473641,112135,64891,5850328,88.8
Minnesota,27,2011,3560801,46971,958243,233725,564041,368032,777339,258399,75781,41332,3276892,92.03
Mississippi,28,2011,1912708,38474,578273,112328,322366,159186,240726,95403,25780,17716,1551778,81.13
Missouri,29,2011,4008554,58058,1260623,291123,627191,286363,656222,278278,67613,42869,3510282,87.57
Montana,30,2011,676793,8784,206699,46558,123512,56859,132946,38774,10426,8772,624546,92.28
Nebraska,31,2011,1196112,13967,347223,90771,201676,114551,225822,73911,19852,14542,1088348,90.99
Nevada,32,2011,1810960,46672,528392,127117,328769,129688,269461,90902,31897,14615,1520841,83.98
New Hampshire,33,2011,914207,11376,267726,54370,121085,86730,191748,84488,14658,14419,835224,91.36
New Jersey,34,2011,6004613,96449,1767217,298060,739513,368288,1322225,569427,138976,88275,5291981,88.13
New Mexico,35,2011,1354186,25228,359628,79762,239896,101180,195527,102579,21793,26096,1126461,83.18
New York,36,2011,13197704,280674,3635549,606814,1543477,1091931,2467536,1342831,356937,178363,11223438,85.04
North Carolina,37,2011,6399357,87546,1745251,409587,986662,558745,1136478,417351,95066,73579,5422719,84.74
North Dakota,38,2011,448145,4320,120688,30220,78995,58753,86615,21053,6100,4132,406556,90.72
Ohio,39,2011,7749236,129103,2695735,530907,1102519,602825,1196897,513723,120297,79828,6842731,88.3
Oklahoma,40,2011,2469196,36193,774960,180001,415283,172761,396219,136076,32423,23367,2131090,86.31
Oregon,41,2011,2644754,43591,662549,221452,487554,215713,486317,200641,53434,35429,2363089,89.35
Pennsylvania,42,2011,8714235,129083,3270338,469680,973583,658863,1443083,643588,158025,104977,7722137,88.62
Rhode Island,44,2011,712266,11309,187966,37840,96752,59485,134049,63669,15150,8944,603855,84.78
South Carolina,45,2011,3110532,56077,955509,182312,464860,266173,486569,189771,44678,27657,2617529,84.15
South Dakota,46,2011,537588,5345,168906,35385,88696,52340,97956,31868,6036,5774,486961,90.58
Tennessee,47,2011,4294392,75988,1435886,265493,643228,259365,655551,242616,65244,50487,3617870,84.25
Texas,48,2011,16074391,265662,4099519,973065,2659620,1052281,2847501,995078,244266,160834,13032164,81.07
Utah,49,2011,1608668,29492,381551,127458,317462,148367,322983,108782,26231,20570,1453404,90.35
Vermont,50,2011,434652,5062,131219,24704,52544,36468,93188,43266,9837,7599,398825,91.76
Virginia,51,2011,5418844,77251,1388613,320897,766367,380585,1111225,575887,133180,83202,4759956,87.84
Washington,53,2011,4583426,76271,1092508,352599,780230,445281,925095,384232,90773,60904,4131622,90.14
West Virginia,54,2011,1294198,14580,539023,73314,155756,82692,150916,62407,15973,9745,1089826,84.21
Wisconsin,55,2011,3831373,63521,1266895,257107,557127,366423,668444,249480,59397,36992,3461865,90.36
Wyoming,56,2011,375608,5117,115521,29888,70110,37078,61815,23028,4735,3270,345445,91.97
Puerto Rico,72,2011,2443515,33345,648204,41672,263160,215478,416008,102061,31081,20401,1738065,71.13
Alabama,1,2012,3209646,58138,1003543,189488,516444,238555,472037,193901,50713,30508,2695189,83.97
Alaska,2,2012,464594,4939,130277,34575,94145,38287,79559,36321,8545,5699,427408,92.0
Arizona,4,2012,4280464,83102,1038170,309290,790409,360519,735758,310661,77074,47093,3668974,85.71
Arkansas,5,2012,1949382,30603,685949,129405,308735,118932,269141,101528,22334,16106,1652130,84.75
California,6,2012,24779784,643839,5107967,1411077,4054381,1959097,4865203,1861112,569482,364732,20193051,81.49
Colorado,8,2012,3444654,47377,752200,209243,580017,288253,818469,342776,76550,53211,3120719,90.6
Delaware,10,2012,618612,9742,194904,38540,86847,44331,111921,52001,9864,8903,547311,88.47
District of Columbia,11,2012,439531,7794,81081,15782,45655,14083,100904,77488,38125,16274,389392,88.59
Connecticut,9,2012,2457978,36163,682207,130546,302473,182429,503440,294155,73294,40248,2208792,89.86
Florida,12,2012,13503747,296193,4020195,863192,1939033,1236800,2329936,874523,272260,146350,11682289,86.51
Georgia,13,2012,6403838,108712,1810866,365365,1007268,453039,1140757,468599,123173,74746,5443813,85.01
Idaho,16,2012,1012786,13177,280462,88109,191670,91295,175020,56911,14927,11035,909429,89.79
Hawaii,15,2012,952281,15682,269304,49630,159959,95686,186586,66566,22483,10581,860795,90.39
Illinois,17,2012,8558895,151829,2313202,565971,1264199,647039,1684348,751407,175113,96485,7497764,87.6
Indiana,18,2012,4278945,71609,1510802,283019,602891,347606,643210,259870,55872,43157,3746427,87.55
Iowa,19,2012,2036993,21678,657642,158526,286686,226481,368331,117508,29743,20738,1865655,91.59
Kansas,20,2012,1863224,22613,509404,149439,306074,149866,362899,149868,33378,20097,1681025,90.22
Kentucky,21,2012,2935461,42801,1000756,192121,414942,211692,378979,185306,46602,28258,2458656,83.76
Louisiana,22,2012,3006605,49571,1029965,157638,488181,160063,433223,155282,45446,26117,2495915,83.01
Maine,23,2012,947017,10292,329267,59370,128191,85732,171449,65911,16093,11276,867289,91.58
Maryland,24,2012,3972135,57885,1035053,236421,548129,251712,795930,460951,115222,94884,3538302,89.08
Massachusetts,25,2012,4556609,64691,1181922,229750,536287,347381,1011713,541323,132494,104415,4085285,89.66
Michigan,26,2012,6621018,106428,2024195,503556,1078391,575915,1062110,490025,103848,67420,5905460,89.19
Minnesota,27,2012,3600744,41819,952141,245952,555546,381595,807626,272778,72103,42833,3330574,92.5
Mississippi,28,2012,1911968,40033,584142,105917,328359,160169,249319,105946,24029,15722,1573603,82.3
Missouri,29,2012,4023641,62019,1272777,304519,611601,287670,670388,284631,65321,42330,3539237,87.96
Montana,30,2012,686770,6944,204215,46900,126669,57590,138862,42619,13022,7426,637303,92.8
Nebraska,31,2012,1206908,14102,334350,95649,194905,117719,233054,83862,20030,12716,1092285,90.5
Nevada,32,2012,1840642,43685,529535,129454,353620,138034,272846,95659,27821,15471,1562440,84.89
New Hampshire,33,2012,919883,11192,270690,54390,114590,87025,201804,87156,15364,13567,844586,91.81
New Jersey,34,2012,6049352,108512,1737574,303963,733050,372831,1359609,597429,147947,87198,5339601,88.27
New Mexico,35,2012,1360330,22772,360327,77980,242995,111952,202552,106967,22244,23525,1148542,84.43
New York,36,2012,13309761,304282,3579976,613490,1589218,1128596,2531374,1371561,359112,181715,11355042,85.31
North Carolina,37,2012,6489883,84014,1760704,416106,1012715,562049,1170056,436058,92150,77594,5527432,85.17
North Dakota,38,2012,457904,4511,128310,29968,77563,56223,89629,25163,7503,5580,419939,91.71
Ohio,39,2012,7770716,127315,2687397,542516,1082257,625983,1240747,528409,116545,75611,6899465,88.79
Oklahoma,40,2012,2487456,39605,786275,179102,418825,180387,393930,142002,33095,22280,2155896,86.67
Oregon,41,2012,2671772,47345,670179,227099,485355,219073,497130,212460,54182,35682,2401160,89.87
Pennsylvania,42,2012,8756317,132037,3220877,483219,958587,688751,1484305,665499,166599,119131,7786968,88.93
Rhode Island,44,2012,712271,8599,198539,35237,93355,62628,132903,64882,14832,11126,613502,86.13
South Carolina,45,2012,3151616,59992,937798,192138,471966,281401,504036,212122,43582,31282,2674325,84.86
South Dakota,46,2012,544292,5907,178006,31915,85933,53971,98719,29714,7488,7030,492776,90.54
Tennessee,47,2012,4336473,70048,1433642,280224,641682,283901,680286,257964,69299,45255,3692253,85.14
Texas,48,2012,16390379,283474,4124497,1015898,2743789,1079819,2903294,1076580,240052,164154,13348083,81.44
Vermont,50,2012,434948,4663,132522,21569,49804,39279,95120,42576,10145,7664,398679,91.66
Utah,49,2012,1641335,27601,378463,130416,321066,159358,333947,119791,27527,23256,1493824,91.01
Virginia,51,2012,5504766,74876,1392291,325224,774019,395520,1132326,596854,133652,88672,4838558,87.9
Washington,53,2012,4645859,71928,1101227,366665,812150,448208,944631,372069,91575,63240,4199765,90.4
West Virginia,54,2012,1296201,16155,526232,74059,171674,81746,147257,66360,18384,9683,1095395,84.51
Wisconsin,55,2012,3854170,58845,1248011,259585,557106,386784,688002,255462,61488,41201,3497639,90.75
Wyoming,56,2012,380942,5693,115631,33188,68136,38055,64409,20963,4466,4440,349288,91.69
Puerto Rico,72,2012,2432137,32390,650650,39171,267432,219146,428778,113029,27517,19781,1765504,72.59
Mississippi,28,2013,1931054,36161,591240,113397,329933,162584,248488,104166,23099,17653,1590560,82.37
Missouri,29,2013,4047283,62869,1276285,291992,624386,305928,685991,293327,63486,48201,3589596,88.69
Montana,30,2013,689169,7892,200303,51044,129266,58287,135518,44501,12062,7707,638688,92.68
Nebraska,31,2013,1215208,14694,329595,92705,198278,119325,238160,81414,22745,14473,1096695,90.25
Nevada,32,2013,1872884,50494,532452,136846,351012,152516,282283,97337,27801,14679,1594926,85.16
New Hampshire,33,2013,924568,11142,270826,57182,122461,87766,202495,87955,15513,13482,857680,92.77
New Jersey,34,2013,6086705,104427,1751336,304286,715243,390906,1374616,615250,146050,89953,5387640,88.51
New Mexico,35,2013,1361846,21511,361553,77921,242747,105811,204226,110651,20788,23703,1147400,84.25
New York,36,2013,13419310,299662,3594712,600689,1559115,1157285,2589891,1435339,352739,195909,11485679,85.59
North Carolina,37,2013,6568110,94056,1743595,423008,1023190,574725,1211484,468270,98672,86563,5629507,85.71
North Dakota,38,2013,467815,4914,128539,28851,79259,64445,93470,23965,5248,4255,428032,91.5
Ohio,39,2013,7805254,130697,2668826,528409,1071231,639633,1279678,552339,126124,82425,6948665,89.03
Oklahoma,40,2013,2506437,44916,809792,173230,414599,179720,402956,136617,33344,23544,2173802,86.73
Oregon,41,2013,2704043,44944,655870,228084,483456,228207,521031,218084,51075,40930,2426737,89.74
Pennsylvania,42,2013,8809510,137764,3209801,475034,953547,692226,1540228,703617,162375,120954,7857782,89.2
Rhode Island,44,2013,719956,10403,191854,38788,94589,59867,142598,62198,16411,11908,618213,85.87
South Carolina,45,2013,3198816,57713,939047,190222,490309,284604,529944,223844,43686,37068,2738724,85.62
South Dakota,46,2013,550959,6230,172701,34979,87722,62856,104240,29835,6862,5369,504564,91.58
Tennessee,47,2013,4370035,74208,1437758,277371,650678,291304,681475,274942,70763,55193,3739484,85.57
Texas,48,2013,16673656,289869,4207669,1037530,2727847,1090662,3044921,1123846,251403,171981,13655859,81.9
Vermont,50,2013,436174,5316,133439,21895,51874,35878,93427,44210,10266,7914,398903,91.46
Utah,49,2013,1670449,29029,382199,132527,331626,159320,348502,123296,26895,24802,1529167,91.54
Virginia,51,2013,5561224,82061,1380486,328196,790023,405760,1172309,614517,129618,93891,4914800,88.38
Washington,53,2013,4706104,86181,1095589,355802,801218,449430,984473,393851,95103,67041,4242507,90.15
West Virginia,54,2013,1294025,17279,520535,77190,164078,87697,146732,70945,17164,10114,1094455,84.58
Wisconsin,55,2013,3879291,67262,1243158,263182,556741,389016,711851,262821,60906,39053,3526728,90.91
Wyoming,56,2013,383914,4203,109099,33570,73144,41261,68225,22938,5025,5815,359077,93.53
Puerto Rico,72,2013,2417418,30640,653505,40986,250045,233730,416877,112725,32498,22969,1763335,72.94
Alabama,1,2013,3225447,60067,1001134,193365,517237,258110,476016,202435,44899,33603,2726799,84.54
Alaska,2,2013,462659,5146,129029,32801,94253,38486,84038,32966,7246,5163,423982,91.64
Arizona,4,2013,4344737,89347,1079149,320720,769346,374877,741982,319970,72087,54402,3732533,85.91
Arkansas,5,2013,1960503,33892,691814,130892,308610,119812,262755,101291,23117,16774,1655065,84.42
California,6,2013,25147232,646377,5228893,1458165,4066032,1980401,4905468,1935122,583878,381266,20539225,81.68
Colorado,8,2013,3514235,53448,761103,220290,581004,291173,837913,355393,74424,60551,3181851,90.54
Delaware,10,2013,629730,9015,196726,38700,85095,48277,108075,57865,11174,10271,556183,88.32
District of Columbia,11,2013,453014,5871,84220,15746,44778,13818,102958,88292,40345,18011,408168,90.1
Connecticut,9,2013,2465315,36236,673455,134044,301263,184109,508487,300673,68737,39557,2210325,89.66
Florida,12,2013,13726996,304404,4042708,877232,1965096,1300616,2409162,902539,274082,148392,11919827,86.83
Georgia,13,2013,6472172,112034,1850063,370230,1001809,477132,1149847,481823,124458,76991,5532353,85.48
Idaho,16,2013,1026889,15041,281769,86573,187151,93044,185216,59491,14847,9852,917943,89.39
Hawaii,15,2013,959903,11994,263311,57035,153885,100056,199229,66047,19326,14649,873538,91.0
Illinois,17,2013,8593665,158360,2321273,565936,1246409,654943,1698605,776179,179096,106222,7548663,87.84
Indiana,18,2013,4312892,70915,1478163,294942,623615,352907,655276,273795,55337,42811,3776846,87.57
Iowa,19,2013,2048270,26416,670345,152509,285121,226473,370188,116336,29703,25282,1875957,91.59
Kansas,20,2013,1872445,25273,498426,152041,308223,146088,374418,148912,34607,23479,1686194,90.05
Kentucky,21,2013,2953653,41273,979031,194397,419173,224279,392610,198007,48363,28046,2483906,84.1
Louisiana,22,2013,3034973,51806,1019022,163229,489933,164926,453347,152983,47098,30799,2521337,83.08
Maine,23,2013,953962,9610,322855,58149,134289,91720,172498,67663,16012,13015,876201,91.85
Maryland,24,2013,4018701,66776,1030851,249366,545995,252612,814992,472174,118336,98303,3582629,89.15
Massachusetts,25,2013,4604795,63479,1190870,224996,513375,355093,1037415,571811,126812,119338,4139710,89.9
Michigan,26,2013,6645295,109211,1971925,501009,1088111,594224,1089029,514299,104552,79507,5942656,89.43
Minnesota,27,2013,3629333,46238,955079,246719,549770,386177,813237,279738,75405,48503,3354628,92.43
Alabama,1,2014,3256766,63527,1028665,198029,511129,256777,478058,201391,51876,33082,2759007,84.72
Alaska,2,2014,465149,4531,131987,35472,96087,38086,85634,33103,7223,4304,431896,92.85
Arizona,4,2014,4436226,86447,1079812,344474,794213,376649,765784,328400,74530,53578,3817440,86.05
Arkansas,5,2014,1968414,30869,686786,131244,316818,123871,272411,104636,24531,19380,1679677,85.33
California,6,2014,25654292,651643,5360853,1463370,4097190,2002684,5120162,2035257,586986,394265,21060767,82.09
Colorado,8,2014,3584463,51274,783816,228712,564212,294629,862158,373532,75829,62693,3245581,90.55
Delaware,10,2014,640343,10016,199747,37791,85470,50787,116931,57035,10712,11203,569676,88.96
District of Columbia,11,2014,463211,4788,84213,16560,46376,15936,112706,86777,36729,18460,417757,90.19
Connecticut,9,2014,2471818,33761,680274,133471,288203,184589,527472,298684,71642,42316,2226651,90.08
Florida,12,2014,14041196,309482,4151300,900683,2004771,1358245,2448663,964916,261794,155131,12245503,87.21
Georgia,13,2014,6576408,115803,1869967,372490,1016920,462543,1199733,503513,126094,81260,5632520,85.65
Idaho,16,2014,1045193,16394,294862,96818,191639,97174,175108,58255,16311,11848,942015,90.13
Hawaii,15,2014,974586,11869,277667,55478,156064,102149,200315,66113,22015,13896,893697,91.7
Illinois,17,2014,8639076,151056,2305681,567622,1240128,670372,1737022,808866,178177,109342,7617210,88.17
Indiana,18,2014,4342916,68684,1488013,288684,625951,367996,682893,290178,55635,41896,3841246,88.45
Iowa,19,2014,2062734,21588,654890,147511,293611,233906,383943,129844,31909,24730,1900344,92.13
Kansas,20,2014,1881521,26756,498750,154706,298813,153284,381292,156450,33162,22180,1698637,90.28
Kentucky,21,2014,2967181,39544,1003583,197815,416570,228473,386963,197252,47789,27697,2506142,84.46
Louisiana,22,2014,3060688,56613,1033528,164415,493580,165066,463860,160595,47873,29268,2558185,83.58
Maine,23,2014,959407,11176,310287,59158,135341,93426,185890,69374,14346,12171,879993,91.72
Maryland,24,2014,4062813,59121,1043926,240278,536437,265874,841315,489164,121503,101702,3640199,89.6
Massachusetts,25,2014,4654351,66814,1161032,218769,512158,365816,1077993,594755,131136,112845,4174504,89.69
Michigan,26,2014,6680525,102030,1980847,499790,1076213,618746,1105362,529318,115303,77356,6002935,89.86
Minnesota,27,2014,3672583,45644,943377,245342,548621,404201,834094,295956,75732,52752,3400075,92.58
Mississippi,28,2014,1950710,36612,585936,115390,334622,167835,254250,112856,26090,17757,1614736,82.78
Missouri,29,2014,4076767,60924,1279755,293320,625111,304044,696669,307730,68066,48246,3622941,88.87
Montana,30,2014,695850,8505,213165,45863,124370,57211,135401,48606,11287,8545,644448,92.61
Nebraska,31,2014,1224701,16496,333560,95240,188153,126818,247729,82051,18375,13614,1105540,90.27
Nevada,32,2014,1919598,51002,540814,142022,352787,154943,291473,105579,29796,16615,1634029,85.12
New Hampshire,33,2014,931304,10983,265993,55501,119492,91285,201723,92567,17685,14055,858301,92.16
New Jersey,34,2014,6127931,100464,1729723,310162,735270,391582,1415973,633971,146463,94861,5458005,89.07
New Mexico,35,2014,1373822,25123,362284,81677,240044,109771,206947,110475,19348,26164,1156710,84.2
New York,36,2014,13539612,300307,3599907,624873,1552848,1163427,2651150,1459502,363125,194205,11609037,85.74
North Carolina,37,2014,6661937,87670,1772285,423979,1035991,614392,1239857,481543,103494,87670,5759211,86.45
North Dakota,38,2014,478850,5466,133393,33060,79340,64475,94873,24779,6226,5438,441584,92.22
Ohio,39,2014,7857460,126308,2666563,523788,1079663,659197,1301747,576319,126136,88016,7021429,89.36
Oklahoma,40,2014,2529885,39705,801435,188500,420738,185914,405799,145813,36137,23619,2207955,87.27
Oregon,41,2014,2746957,44733,666778,223519,495115,231853,528064,224113,54432,39637,2463511,89.68
Pennsylvania,42,2014,8858865,133594,3220327,477418,957508,700919,1554120,729846,159382,124377,7923897,89.45
Rhode Island,44,2014,725871,11465,208366,37804,95861,59701,131408,61834,14100,13552,622626,85.78
South Carolina,45,2014,3260929,56965,989223,187997,486246,288524,543917,232819,46936,33301,2808963,86.14
South Dakota,46,2014,555488,5237,170122,33854,88120,62802,111108,30003,7382,5723,509114,91.65
Tennessee,47,2014,4425073,70351,1473547,270428,637701,296099,717801,280082,67725,52699,3796082,85.79
Texas,48,2014,17087888,284665,4298854,1074624,2772573,1147113,3104847,1184625,266893,192664,14042193,82.18
Vermont,50,2014,438279,5419,134352,24586,57369,34024,91472,43653,10253,7523,403232,92.0
Utah,49,2014,1704734,30740,391862,137522,329813,168810,353832,127178,26075,23118,1558210,91.4
Virginia,51,2014,5623295,77210,1382376,339427,781292,408872,1173872,655001,137648,99818,4978306,88.53
Washington,53,2014,4784484,82247,1090724,371353,799271,479799,1005685,410459,100407,68225,4325923,90.42
West Virginia,54,2014,1296350,15293,532918,74701,164026,84402,152434,70397,14478,10948,1104304,85.19
Wisconsin,55,2014,3898162,63124,1244668,256185,549750,402829,736544,269393,60549,41608,3561526,91.36
Wyoming,56,2014,388962,4395,106759,35128,73289,41611,69557,23807,5370,4599,360120,92.58
Puerto Rico,72,2014,2400677,26762,669936,34815,257709,223726,417133,113643,32070,23866,1772898,73.85
Mississippi,28,2015,1952337,36062,605790,109253,328751,179135,253036,111893,24201,17469,1629528,83.47
Missouri,29,2015,4097212,57180,1269953,293251,622709,316815,706922,320428,67649,45861,3643588,88.93
Montana,30,2015,706329,6930,222399,44316,117071,60796,144135,50044,11866,10129,660756,93.55
Nebraska,31,2015,1232583,15209,331868,93577,199169,125055,244556,90029,21162,16541,1121957,91.02
Nevada,32,2015,1968167,51883,549151,153443,358921,159610,304948,112195,28328,18210,1684806,85.6
New Hampshire,33,2015,937214,10161,267078,58464,121519,91199,205513,97780,17948,13072,872573,93.1
New Jersey,34,2015,6166384,104010,1757377,311674,712424,392077,1437307,638113,151341,91312,5491625,89.06
New Mexico,35,2015,1377548,17782,369807,85843,239513,106315,198116,115927,24107,26312,1165940,84.64
New York,36,2015,13641473,297692,3615023,617781,1559272,1155067,2727078,1474536,372093,204756,11725606,85.96
North Carolina,37,2015,6762644,89316,1785510,425005,1027840,623813,1277412,511174,110281,92190,5853225,86.55
North Dakota,38,2015,492017,5668,135670,30922,80799,64255,105625,24169,7182,6427,455049,92.49
Ohio,39,2015,7896470,121860,2664823,545421,1078506,679330,1329009,573041,126835,86231,7083196,89.7
Oklahoma,40,2015,2557863,38827,808375,188756,417314,188756,421765,149714,32723,25802,2233205,87.31
Oregon,41,2015,2804461,50382,654930,238288,484560,245431,566244,233801,59402,42220,2524876,90.03
Pennsylvania,42,2015,8895727,127855,3174802,487639,935635,739478,1611499,740396,169282,119846,7978577,89.69
Rhode Island,44,2015,730083,12267,204295,41238,93535,62153,141131,69245,15107,13335,640039,87.67
South Carolina,45,2015,3319832,58723,977099,200919,484998,312720,575843,234180,46010,34208,2865977,86.33
South Dakota,46,2015,563108,8120,175958,37447,82482,62294,110562,30370,6912,7041,513066,91.11
Tennessee,47,2015,4473487,75265,1482137,275055,640910,300500,719980,306012,70973,54115,3849682,86.06
Texas,48,2015,17472861,295077,4425654,1087549,2728922,1204220,3266266,1239900,262623,186585,14401719,82.42
Vermont,50,2015,438654,4708,127127,22244,52826,37916,97824,45406,10940,7902,402185,91.69
Utah,49,2015,1741949,31067,421822,134157,323883,159609,368302,133071,29826,23513,1594183,91.52
Virginia,51,2015,5685318,81182,1399157,346176,781225,426955,1209217,651715,137045,104067,5055557,88.92
Washington,53,2015,4889314,77546,1127649,365062,806079,471400,1059707,435599,101103,74484,4441083,90.83
West Virginia,54,2015,1300347,16329,529290,76061,168448,90019,152256,74951,15674,11533,1118232,85.99
Wisconsin,55,2015,3918997,61826,1223628,270878,565089,411400,742544,265265,60698,43951,3583453,91.44
Wyoming,56,2015,388747,6233,111830,31095,71151,42212,67108,25746,5441,3739,358322,92.17
Puerto Rico,72,2015,2382526,23064,647581,40247,274184,228508,424255,115599,26234,24140,1780748,74.74
Alabama,1,2015,3282252,57858,1018063,194514,513465,266452,504626,207767,47504,32979,2785370,84.86
Alaska,2,2015,469523,6650,128052,34279,95047,38113,87869,36260,10814,4473,434907,92.63
Arizona,4,2015,4536954,94156,1110871,340471,815084,382106,788933,339377,74683,54456,3905981,86.09
Arkansas,5,2015,1987819,33868,678452,137365,313521,135029,278975,109389,25259,19758,1697748,85.41
California,6,2015,26085263,658767,5430081,1482236,4121043,1992703,5285754,2116434,593576,419926,21441753,82.2
Colorado,8,2015,3671853,49679,796984,231893,577144,301203,909032,390965,81730,59049,3348000,91.18
Delaware,10,2015,652636,10719,194810,41122,89864,52556,117581,60228,13582,10538,580281,88.91
District of Columbia,11,2015,472884,5100,82181,15015,45092,14002,112629,97445,37729,20542,424635,89.8
Connecticut,9,2015,2474718,33843,678916,123572,293948,187970,535933,301008,69842,41261,2232450,90.21
Florida,12,2015,14394281,291098,4201879,903064,2032183,1383565,2620339,1012174,290401,169424,12613029,87.63
Georgia,13,2015,6683767,117111,1879302,368782,1013826,496008,1244449,534649,132042,88973,5758031,86.15
Idaho,16,2015,1065982,17715,292667,90923,196662,102284,189566,60161,15330,11855,959448,90.01
Hawaii,15,2015,985914,12292,267568,55400,157806,105951,205033,66761,24187,13213,895919,90.87
Illinois,17,2015,8661938,144233,2314192,569835,1234767,698002,1757697,803408,184590,107845,7670336,88.55
Indiana,18,2015,4363573,68298,1496775,288014,612386,364142,697223,286021,61351,43525,3849437,88.22
Iowa,19,2015,2074504,25576,664912,152488,292120,236728,377035,124708,33674,21174,1902839,91.73
Kansas,20,2015,1888479,24135,501278,155741,290335,158308,384495,157694,33557,23317,1704725,90.27
Kentucky,21,2015,2988790,40833,1002541,197430,413620,235061,406865,207579,52767,28963,2544826,85.15
Louisiana,22,2015,3095255,49516,1056533,161496,492715,189683,470739,170535,49216,27568,2618485,84.6
Maine,23,2015,961240,9750,314332,58358,126063,93335,187513,71715,18480,11845,881641,91.72
Maryland,24,2015,4102486,63315,1029325,241562,547820,266499,866352,505272,112754,107236,3676820,89.62
Massachusetts,25,2015,4706644,66517,1184423,227193,521512,362478,1086715,601150,135323,128501,4247295,90.24
Michigan,26,2015,6728347,102425,1979472,510771,1082642,622089,1145546,535769,111288,77870,6065447,90.15
Minnesota,27,2015,3700935,46282,941170,254968,539531,413953,847584,305569,78232,52622,3433629,92.78
Mississippi,28,2016,1957022,42646,603335,111813,327182,177695,264865,113113,27550,20735,1646288,84.12
Missouri,29,2016,4121014,59827,1265386,297778,630017,325244,729511,324191,70157,48791,3691075,89.57
Montana,30,2016,712616,9394,206415,46019,122204,66134,148944,48718,14909,8035,661378,92.81
Nebraska,31,2016,1243820,15968,328348,88321,193039,129795,261931,90070,22938,16033,1130475,90.89
Nevada,32,2016,2010610,46996,585057,150003,366900,156342,308547,114345,32605,16278,1730077,86.05
New Hampshire,33,2016,947586,11193,256245,57739,121538,97488,213461,101003,19392,12822,879688,92.83
New Jersey,34,2016,6171172,104122,1706073,302184,722105,400332,1460518,670786,153171,95327,5510496,89.29
New Mexico,35,2016,1391381,23186,370508,85075,237950,116674,215691,116006,22128,24408,1188440,85.41
New York,36,2016,13653592,305134,3574814,637569,1513289,1191816,2749619,1521940,391676,204577,11785300,86.32
North Carolina,37,2016,6877185,93264,1775886,439327,1042804,654866,1345615,543876,114036,87578,6003988,87.3
North Dakota,38,2016,495015,5231,134178,30672,78544,67554,107578,28550,5718,4477,457271,92.38
Ohio,39,2016,7922061,127071,2639028,530452,1100077,682507,1362205,598321,130456,88699,7131745,90.02
Oklahoma,40,2016,2571636,42343,802529,186546,417280,203590,432922,157183,35356,23204,2258610,87.83
Oregon,41,2016,2857952,49224,655893,235544,509988,244515,572508,247973,66154,47895,2580470,90.29
Pennsylvania,42,2016,8921975,135486,3132444,480857,950374,730217,1676971,765331,175633,129802,8041629,90.13
Rhode Island,44,2016,734045,9655,204045,42281,93088,60183,151195,70435,17015,11620,649862,88.53
South Carolina,45,2016,3388476,59098,981669,206995,506103,317549,591086,242201,53013,36206,2934822,86.61
South Dakota,46,2016,565894,6936,163910,36532,87087,65093,111002,35829,9174,7256,515883,91.16
Tennessee,47,2016,4527198,74201,1465937,291978,667520,328595,756055,303704,73385,49711,3936885,86.96
Texas,48,2016,17775280,295075,4474711,1073287,2796013,1259574,3362678,1281070,295098,196841,14739272,82.92
Vermont,50,2016,439563,4466,128767,22489,53383,40499,92871,46671,12297,8016,404993,92.14
Utah,49,2016,1783244,30794,404605,145106,327002,178193,381130,140249,33569,25987,1635841,91.73
Virginia,51,2016,5721173,85241,1372836,347347,769322,438669,1241751,695229,142532,99173,5106859,89.26
Washington,53,2016,4996555,80653,1111786,374392,804380,491450,1098509,472318,109063,75820,4537718,90.82
West Virginia,54,2016,1291757,16215,512228,74822,158855,95794,162243,78802,16651,11061,1110456,85.96
Wisconsin,55,2016,3933329,60205,1222607,272788,539603,420412,758503,288536,69338,43798,3615585,91.92
Wyoming,56,2016,390794,4579,114624,30127,67834,45601,67845,26068,6551,5453,364103,93.17
Puerto Rico,72,2016,2372197,25092,657523,41330,257096,237746,433120,112925,26678,27168,1793586,75.61
Alabama,1,2016,3300713,63739,1011236,201485,509746,271030,506680,226164,48931,33747,2809019,85.1
Alaska,2,2016,478951,5272,133928,34525,95125,40819,90861,36182,8730,5804,445974,93.11
Arizona,4,2016,4626409,92377,1105497,344919,834817,390843,835779,359075,84523,56517,4011970,86.72
Arkansas,5,2016,1990448,31398,681969,135748,313961,133315,282608,118134,26203,18888,1710826,85.95
California,6,2016,26304241,682268,5390935,1494632,4107766,2031775,5426164,2203376,622302,408628,21685578,82.44
Colorado,8,2016,3745506,51770,822144,218245,569121,322529,934273,409712,87779,61117,3424920,91.44
Delaware,10,2016,662547,11426,212474,44010,78172,52228,121717,58672,12881,11799,591953,89.35
District of Columbia,11,2016,480158,5270,85248,16770,45436,14086,115097,98988,38236,20554,434415,90.47
Connecticut,9,2016,2467737,34185,678776,120316,294834,186288,541369,297488,74865,39866,2233802,90.52
Florida,12,2016,14703671,308247,4249733,937204,2023944,1429121,2675907,1061264,307323,163962,12848458,87.38
Georgia,13,2016,6785395,119663,1884080,372145,1022060,518208,1270275,560593,145085,90323,5862769,86.4
Idaho,16,2016,1087265,17189,302866,91151,184334,104375,203363,65673,17642,13732,983136,90.42
Hawaii,15,2016,990937,11536,277743,53877,158800,104261,211850,67803,21989,14951,911274,91.96
Illinois,17,2016,8665219,147713,2250392,559821,1263305,682989,1813840,830129,188580,109736,7698792,88.85
Indiana,18,2016,4392576,72019,1481882,291768,608445,374136,716293,301847,64188,42518,3881077,88.36
Iowa,19,2016,2087020,26836,649532,150902,287271,234055,398242,135083,35270,24567,1914922,91.75
Kansas,20,2016,1891936,27935,496294,147685,290658,157030,390861,170982,37627,21956,1713093,90.55
Kentucky,21,2016,2995509,44325,968299,196649,443391,256369,419081,202997,51228,29035,2567049,85.7
Louisiana,22,2016,3115020,55534,1059273,168026,486089,187288,473299,169554,56083,28970,2628582,84.38
Maine,23,2016,966569,9699,318369,57718,130222,94984,181434,79538,18162,12004,892431,92.33
Maryland,24,2016,4122508,65748,1046470,237805,541390,268485,860491,528502,128976,103160,3715279,90.12
Massachusetts,25,2016,4727515,69020,1156496,222787,511845,363356,1124295,629351,140558,126142,4274830,90.42
Michigan,26,2016,6760402,108196,1978343,516290,1081902,626128,1162737,547241,119229,80623,6112493,90.42
Minnesota,27,2016,3725283,47228,937937,246325,550387,429762,860125,304937,78752,53170,3461395,92.92
Mississippi,28,2017,1959341,41431,595611,115046,316139,198080,265220,117007,27568,18702,1653373,84.38
Missouri,29,2017,4150275,63866,1277505,286651,626311,326430,743797,333121,74909,54012,3722736,89.7
Montana,30,2017,723666,9065,203141,48038,122169,65772,157326,53533,13596,9362,672937,92.99
Nebraska,31,2017,1259254,15006,331081,94422,197001,128547,263330,95439,23353,16658,1149831,91.31
Nevada,32,2017,2063180,53635,592846,144751,373778,165508,340110,120878,34858,17434,1790163,86.77
New Hampshire,33,2017,958005,13507,268564,59536,111475,97978,216750,104196,18725,14221,891445,93.05
New Jersey,34,2017,6234538,104322,1696858,300563,714077,418148,1506899,712061,161480,96267,5606353,89.92
New Mexico,35,2017,1391475,22093,370599,86940,246340,117531,211995,115804,25580,23121,1197910,86.09
New York,36,2017,13821132,317890,3634065,637249,1496579,1218132,2794920,1592075,391553,201614,11966187,86.58
North Carolina,37,2017,6991185,91849,1800555,427470,1060468,658224,1406739,571243,121058,91639,6137396,87.79
North Dakota,38,2017,495904,5020,130900,30031,81275,66236,108045,30784,7948,5662,460881,92.94
Ohio,39,2017,7981885,131905,2661209,532897,1079921,698820,1381934,626841,134913,87662,7204197,90.26
Oklahoma,40,2017,2586414,45290,804245,187202,416700,208717,437243,161597,35948,25748,2277400,88.05
Oregon,41,2017,2901195,46258,673810,223542,507262,255783,609160,260431,63263,45563,2638814,90.96
Pennsylvania,42,2017,8960842,126246,3134497,479282,937534,747997,1697397,800211,184166,135462,8116546,90.58
Rhode Island,44,2017,736969,13233,220613,39926,84738,58876,149699,68812,14606,13407,650677,88.29
South Carolina,45,2017,3443851,65924,1016072,199848,498590,330153,607024,262659,53525,41132,3009003,87.37
South Dakota,46,2017,574559,7124,176709,38089,88193,62204,109803,35691,10754,5490,526933,91.71
Tennessee,47,2017,4588453,66848,1488080,292456,661278,332593,790840,327029,78860,57433,4028569,87.8
Texas,48,2017,18149346,313947,4552676,1093468,2838733,1323957,3510311,1371324,290221,199633,15180323,83.64
Vermont,50,2017,439267,5252,127426,24114,49781,37360,98774,48963,11366,9063,406847,92.62
Utah,49,2017,1827035,30160,408078,138241,331740,172999,416804,157207,33505,24926,1683500,92.14
Virginia,51,2017,5779221,79278,1396487,342500,753431,456210,1270190,712006,145034,109986,5185844,89.73
Washington,53,2017,5101968,80463,1128284,376181,827434,514987,1130392,492107,112889,75731,4658005,91.3
West Virginia,54,2017,1279350,15923,526652,75084,163403,90494,156378,77079,15623,9376,1114089,87.08
Wisconsin,55,2017,3958231,59759,1214914,258668,546824,433324,782676,301195,70544,48115,3656260,92.37
Wyoming,56,2017,387700,5455,114739,29457,68714,40340,67312,30847,5754,3184,360347,92.94
Puerto Rico,72,2017,2343675,18112,653789,35698,249320,242776,428558,121293,28569,24099,1784102,76.12
Alabama,1,2017,3309607,63271,1029982,194458,514642,278878,528019,228314,51819,36552,2862664,86.5
Alaska,2,2017,481561,6197,133132,36507,90478,42724,86444,37005,10673,4562,441525,91.69
Arizona,4,2017,4711362,98649,1136493,351294,827515,408070,863062,373079,90457,56494,4106464,87.16
Arkansas,5,2017,2008398,34013,683285,133435,310500,143522,301294,116823,30772,21225,1740856,86.68
California,6,2017,26679273,692952,5541182,1489912,4151969,2070661,5616449,2286009,649019,424770,22229971,83.32
Colorado,8,2017,3822068,56034,815595,229050,569781,313309,994894,421760,91918,66125,3502432,91.64
Delaware,10,2017,673686,9273,218309,36066,91900,51777,121442,65823,12528,12290,610135,90.57
District of Columbia,11,2017,494614,6720,85033,17444,44565,15722,118172,103144,39893,22310,446283,90.23
Connecticut,9,2017,2493854,38616,676911,131870,279984,201193,533791,311043,76815,42958,2254565,90.4
Florida,12,2017,15020177,315382,4330040,927715,2054563,1507434,2839500,1127371,315744,171877,13274244,88.38
Georgia,13,2017,6896026,120702,1936501,373094,1020953,540564,1311611,585455,147724,86688,6002590,87.04
Idaho,16,2017,1111788,19347,313029,93270,198587,107505,202800,66560,14146,14152,1010049,90.85
Hawaii,15,2017,997744,14169,280494,56498,147954,106987,216993,77325,21497,12865,920613,92.27
Illinois,17,2017,8707057,153212,2272174,557926,1236600,692672,1829903,857509,195094,115299,7757177,89.09
Indiana,18,2017,4435317,71404,1450767,288975,607163,394092,753268,320548,65072,50570,3930455,88.62
Iowa,19,2017,2093909,21336,639230,153863,286653,242738,406630,141796,32274,25120,1928304,92.09
Kansas,20,2017,1904528,23994,490769,146845,285361,167548,403542,180331,35827,23042,1733265,91.01
Kentucky,21,2017,3018953,43827,997060,193533,450737,241585,423916,213672,56806,29158,2606467,86.34
Louisiana,22,2017,3120277,54316,1061526,173073,493925,185409,482439,178692,53635,27759,2656458,85.14
Maine,23,2017,971740,10616,300716,59969,124447,100214,193860,84719,20094,12934,896953,92.3
Maryland,24,2017,4167604,73237,1020828,243873,544935,285379,889090,534613,123599,105278,3747595,89.92
Massachusetts,25,2017,4788573,67477,1163526,231470,511748,360700,1146586,653567,146185,132333,4346115,90.76
Michigan,26,2017,6819310,108596,1969839,509987,1084038,649916,1201375,588250,119225,76714,6199344,90.91
Minnesota,27,2017,3778416,47720,938908,252166,536822,426760,888880,330787,86812,55647,3516782,93.08
Alabama,1,2018,3337464,61554,1026976,201877,520110,288285,536086,229484,50881,35586,2889285,86.57
Alaska,2,2018,485353,4995,137293,37391,91859,39938,89635,38582,10849,7362,452909,93.32
Arizona,4,2018,4840304,109670,1159297,360418,847740,428422,898032,389350,88079,63032,4234370,87.48
Arkansas,5,2018,2021939,33765,686867,133319,317349,154143,296422,125495,30069,19289,1762953,87.19
California,6,2018,26815644,701583,5559362,1500321,4089325,2140543,5704852,2365794,654240,446190,22460627,83.76
Colorado,8,2018,3900287,54591,812615,245372,570380,329255,1013989,444914,98977,67669,3583171,91.87
Delaware,10,2018,679700,10610,225797,39185,80997,51648,124178,66391,10766,11657,610619,89.84
District of Columbia,11,2018,500176,5772,82900,17992,43538,13948,129782,109855,42734,19799,460548,92.08
Connecticut,9,2018,2493396,33942,669967,131873,282101,195971,544028,325902,75528,41772,2267142,90.93
Florida,12,2018,15302125,339457,4387954,992488,2023211,1489510,2920459,1190545,354163,182063,13540393,88.49
Georgia,13,2018,6978172,120528,1942122,386817,996327,562774,1362317,606345,156547,98824,6112073,87.59
Idaho,16,2018,1143747,19502,318218,95336,196740,113323,213462,72465,16764,13571,1039879,90.92
Hawaii,15,2018,995589,13375,266728,58960,145692,110557,218828,79475,21301,13969,915510,91.96
Illinois,17,2018,8706376,158805,2269285,574145,1190629,704851,1833666,887459,206789,124770,7791594,89.49
Indiana,18,2018,4467893,76656,1480040,308980,578149,397824,771811,325867,65283,48105,3976059,88.99
Iowa,19,2018,2104792,23085,649269,153714,280623,247997,413442,133905,35684,27509,1942143,92.27
Kansas,20,2018,1911426,28488,485753,151384,285148,170965,402368,179315,36989,27471,1739393,91.0
Kentucky,21,2018,3039414,43245,990911,203891,427799,261964,442090,226181,53628,31886,2638350,86.8
Louisiana,22,2018,3125733,52277,1071772,170595,479080,203074,496634,183295,49150,29574,2683174,85.84
Maine,23,2018,983382,9069,309259,61554,138784,95274,197489,79762,19204,13595,914921,93.04
Maryland,24,2018,4167339,71359,1009495,255053,524178,281787,911761,546260,133920,108754,3771208,90.49
Massachusetts,25,2018,4832728,68702,1126183,236723,504821,366687,1178868,681633,150773,140736,4386424,90.76
Michigan,26,2018,6869846,106882,1972855,526294,1068653,657727,1239251,590176,120783,81683,6257422,91.09
Minnesota,27,2018,3809229,48375,921287,249936,541560,445513,920850,337189,86399,53690,3556424,93.36
Wisconsin,55,2018,3992022,66161,1222475,264158,553492,438602,775533,299862,70906,51775,3676803,92.1
Wyoming,56,2018,393136,6879,113351,34425,69379,44089,66449,28596,5523,5015,366827,93.31
Puerto Rico,72,2018,2288030,19434,644702,35044,240998,241678,430692,120713,32733,26565,1773125,77.5
Mississippi,28,2018,1977283,36244,589363,128440,311816,200375,284701,122992,31636,19365,1688688,85.4
Missouri,29,2018,4182787,59105,1270247,313408,623861,341000,754906,351868,77529,51591,3784410,90.48
Montana,30,2018,735761,6509,205496,56499,123885,71397,152448,57723,14939,8295,690682,93.87
Nebraska,31,2018,1266440,16521,326400,94598,188720,137646,269675,100126,23436,17493,1158094,91.44
Nevada,32,2018,2096574,63353,581662,161243,381162,176618,339675,124305,36387,21467,1822519,86.93
New Hampshire,33,2018,970748,12333,269202,57874,120353,99230,217282,104805,20170,15322,904238,93.15
New Jersey,34,2018,6189243,106426,1629398,318012,700092,409253,1535321,707352,176756,105563,5581747,90.18
New Mexico,35,2018,1416481,21811,370023,87087,247490,113481,221735,119066,24619,26292,1209793,85.41
New York,36,2018,13672343,290489,3546789,634663,1448488,1193573,2846770,1618369,412115,214212,11914979,87.15
North Carolina,37,2018,7102144,100363,1802360,436118,1060969,701016,1454678,585019,126564,100540,6267264,88.24
North Dakota,38,2018,500779,6306,129495,31351,78100,74715,110664,26850,6960,4136,462271,92.31
Ohio,39,2018,8027035,123612,2625971,558156,1080163,690735,1431014,660793,142671,91132,7280635,90.7
Oklahoma,40,2018,2607613,43505,816934,202655,411222,207381,434570,167497,41277,24817,2306353,88.45
Oregon,41,2018,2952380,55273,655811,236970,507623,269508,621190,266350,65460,49543,2672455,90.52
Pennsylvania,42,2018,8994627,128934,3113998,498757,933647,773645,1723226,808356,192203,138697,8182529,90.97
Rhode Island,44,2018,740695,11502,210606,48185,85056,61601,147507,78052,16840,12262,660109,89.12
South Carolina,45,2018,3492355,62183,1043630,202018,499163,354718,627144,268230,54446,39515,3088864,88.45
South Dakota,46,2018,582850,6151,180511,35843,80103,70838,117943,36966,10011,5478,537693,92.25
Tennessee,47,2018,4640823,78858,1477132,301224,674027,348066,801616,328826,86098,58885,4075874,87.83
Texas,48,2018,18477097,325239,4627856,1136683,2812813,1334999,3627047,1438527,313592,221611,15513128,83.96
Vermont,50,2018,445824,3959,127349,24420,54430,38133,103068,49452,10821,9248,416921,93.52
Utah,49,2018,1871902,32657,423407,148992,313168,191808,427561,160409,36599,27876,1729820,92.41
Virginia,51,2018,5822007,86131,1398061,349941,741597,453566,1296041,731653,153341,109422,5233622,89.89
Washington,53,2018,5215063,86710,1133822,386584,810619,533450,1187508,524199,115719,85678,4777579,91.61
West Virginia,54,2018,1280781,14639,508339,79975,166526,96253,163614,76634,18825,14030,1124196,87.77
Illinois,17,2019,8694694,160662,2255611,564910,1172506,710058,1886240,892226,206788,123718,7812057,89.85
Georgia,13,2019,7080222,120783,1939945,405768,1008786,568130,1410395,640949,152402,97822,6224197,87.91
Idaho,16,2019,1170997,20048,305274,99106,205472,124584,220189,81863,19503,15100,1071091,91.47
Hawaii,15,2019,996668,12954,273421,60763,145201,106096,219979,77835,22345,15050,920690,92.38
Indiana,18,2019,4502015,70233,1526825,308841,587813,397627,777771,318939,65304,50812,4033932,89.6
Iowa,19,2019,2123004,24214,658822,149482,284388,251578,420199,141152,33335,27567,1966523,92.63
Kansas,20,2019,1918081,23160,504035,148250,282299,173251,414851,176966,37264,23408,1760324,91.78
Kentucky,21,2019,3048442,45879,1012643,202203,416832,260188,453040,221989,57552,33342,2657789,87.19
Louisiana,22,2019,3140201,53054,1066026,178661,468085,202310,503947,194070,55742,30516,2699357,85.96
Maine,23,2019,991152,10985,311108,61146,123577,99008,205722,87322,21060,14895,923838,93.21
Maryland,24,2019,4183858,64959,1030636,244221,509326,287293,911781,553133,131090,114226,3781706,90.39
Massachusetts,25,2019,4850576,67407,1158066,229385,499631,360810,1197208,692415,149956,142164,4429635,91.32
Michigan,26,2019,6894627,110334,2005981,515815,1056955,648794,1252685,606220,126447,85443,6298340,91.35
Minnesota,27,2019,3847212,47747,939997,251001,534720,442578,942830,350476,85082,54838,3601522,93.61
Connecticut,9,2019,2496420,35146,668361,132388,278584,190700,549166,323247,79580,42555,2264581,90.71
Florida,12,2019,15484502,365236,4396122,986530,2014851,1538727,2982643,1235227,353649,182118,13689867,88.41
Alabama,1,2019,3360058,66871,1039241,213757,486716,301914,547975,246772,52179,38431,2926985,87.11
Alaska,2,2019,484058,4231,139156,38804,85457,43394,89583,38960,10924,6690,452968,93.58
Arizona,4,2019,4944540,112634,1170685,384038,852807,431854,931038,404500,89342,67278,4331542,87.6
Arkansas,5,2019,2036456,35704,710306,137073,306979,151738,307185,121947,27975,18260,1781463,87.48
California,6,2019,26937872,705383,5546711,1523559,4018813,2118792,5889724,2400918,672307,465535,22636359,84.03
Colorado,8,2019,3974943,51890,836590,246503,559067,334961,1057825,471937,92258,73582,3672723,92.4
Delaware,10,2019,687311,11108,207642,42800,85263,56885,134287,69023,13269,11620,620789,90.32
District of Columbia,11,2019,505145,6547,79881,16367,49378,16922,129825,107612,44240,19752,463977,91.85
Mississippi,28,2019,1979664,33112,598609,110712,330227,207448,270712,124266,26929,19844,1688747,85.3
Missouri,29,2019,4206162,66114,1308859,297889,602597,333721,775808,361205,78328,55940,3814347,90.68
Montana,30,2019,741950,7863,211079,50303,119338,69400,171309,52425,14847,10567,699268,94.25
Nebraska,31,2019,1271770,18643,326389,94746,185587,141189,277159,104377,24092,16959,1170498,92.04
Nevada,32,2019,2136466,65630,593417,157547,368199,187469,355837,132910,35939,24233,1855551,86.85
New Hampshire,33,2019,979750,11331,275105,58054,116024,96658,224636,109702,20508,13391,914078,93.3
New Jersey,34,2019,6191229,107749,1666321,300667,673873,398984,1555781,720869,167040,108075,5591610,90.32
New Mexico,35,2019,1425988,25818,376390,88210,235931,129531,221281,119825,25708,27784,1224660,85.88
New York,36,2019,13664734,290505,3524192,640783,1434723,1204588,2898440,1633516,421631,212631,11970504,87.6
North Carolina,37,2019,7187077,98128,1839042,435870,1044174,727882,1471420,615828,131379,102558,6368153,88.61
North Dakota,38,2019,504375,4745,134432,33313,79498,70716,108527,31714,6772,6384,471356,93.45
Ohio,39,2019,8049805,127050,2627758,546790,1075224,702601,1464945,660656,139616,91368,7308958,90.8
Oklahoma,40,2019,2619244,47971,825284,186398,409891,207896,447888,166623,43315,28683,2315978,88.42
Oregon,41,2019,2988118,50872,687243,234012,507046,269102,627911,278908,67715,57782,2729719,91.35
Pennsylvania,42,2019,9028036,134035,3103046,495732,924330,775694,1761627,827626,189863,138286,8216204,91.01
Rhode Island,44,2019,746952,11044,212282,42163,87821,64204,156087,72512,18950,12726,666745,89.26
South Carolina,45,2019,3563204,63213,1015260,218906,506252,352549,656496,302770,56354,38939,3147526,88.33
South Dakota,46,2019,588029,8112,176644,36972,83504,69831,121231,38132,8827,6594,541735,92.13
Tennessee,47,2019,4693962,87012,1480753,298703,654579,348886,845100,351914,82800,68410,4131145,88.01
Texas,48,2019,18772550,329483,4734422,1149880,2826727,1402600,3750797,1484968,318581,222187,15890162,84.65
Vermont,50,2019,445558,4903,129254,22935,51533,38706,101015,52196,11739,7322,414700,93.07
Utah,49,2019,1911592,33526,442206,143885,343003,184777,448109,156469,32681,27402,1778532,93.04
Virginia,51,2019,5872757,87723,1387610,354535,752723,468107,1312800,743676,153224,115370,5288045,90.04
Washington,53,2019,5290324,78989,1167347,395512,804235,527524,1204728,538939,122253,89712,4850250,91.68
West Virginia,54,2019,1281086,16566,515431,76158,153719,101267,161686,80380,15831,11809,1116281,87.14
Wisconsin,55,2019,4015285,58409,1223392,262972,541299,438381,829878,307952,71262,49287,3724423,92.76
Wyoming,56,2019,389847,4804,117501,31190,62315,44034,73183,29454,6035,4885,368597,94.55
Puerto Rico,72,2019,2301735,18818,648146,35498,244198,258905,443589,124314,27969,30708,1813327,78.78
Alabama,1,2021,3451208,65666,1079285,215235,490427,303028,572276,271514,57866,45110,3034741,87.93
Puerto Rico,72,2021,2401409,17182,671940,31256,245183,280356,493356,127459,29593,33486,1912629,79.65
Arizona,4,2021,4980297,115131,1168057,380056,800435,467305,985673,455187,97958,76263,4430934,88.97
Arkansas,5,2021,2037763,34672,695062,137609,297626,161542,324137,140186,28936,21775,1806873,88.67
California,6,2021,26909869,771280,5578997,1637010,3650891,2120275,5958030,2573469,695127,511191,22724990,84.45
Colorado,8,2021,4044182,61487,814373,239829,553609,334157,1107309,500621,105810,82500,3738208,92.43
Connecticut,9,2021,2534376,42794,646776,138850,267818,188070,587690,348217,83078,48686,2309185,91.11
Delaware,10,2021,711104,11541,201366,41763,87120,66097,146295,80771,14294,11932,649638,91.36
District of Columbia,11,2021,478774,4128,70925,14618,41603,15235,120771,109362,48117,23602,444233,92.79
Florida,12,2021,15762122,355178,4363466,1023966,1956797,1582504,3248221,1368496,384303,225826,14153579,89.79
Georgia,13,2021,7234271,138332,1930376,419053,972319,609570,1514014,699356,173470,118236,6436394,88.97
Hawaii,15,2021,1021687,17989,269095,64921,141970,112809,226849,91083,27139,15610,949476,92.93
Idaho,16,2021,1257566,25033,338282,92940,203643,126524,253762,94108,23862,14532,1147653,91.26
Illinois,17,2021,8730697,159035,2194993,589065,1118720,727336,1932282,961986,213218,135093,7872693,90.17
Indiana,18,2021,4559631,79261,1517996,314335,569371,414408,843069,343526,74471,55721,4132897,90.64
Iowa,19,2021,2137261,25038,646672,161077,278648,255456,441878,145253,34653,30958,1994595,93.32
Kansas,20,2021,1942133,28734,493645,165082,270957,167575,427464,187756,44232,28000,1784711,91.89
Kentucky,21,2021,3077867,46871,1007954,203710,390361,275708,488546,248867,56988,36013,2708147,87.99
Louisiana,22,2021,3117186,59256,1023442,178427,464414,211237,523475,205307,58391,37196,2701889,86.68
Maine,23,2021,1015078,11047,300595,60656,125830,107147,224987,98761,22502,19055,959533,94.53
Maryland,24,2021,4273260,79627,1019047,257787,502564,294842,956533,606779,138912,115978,3892442,91.09
Massachusetts,25,2021,4934755,75019,1124134,242588,451850,376568,1250748,736774,156628,156273,4495563,91.1
Michigan,26,2021,6971895,119257,2003265,530359,989480,680323,1338162,649768,130768,89472,6411597,91.96
Minnesota,27,2021,3898742,48026,909518,263426,520783,459742,993883,367967,93091,61485,3669895,94.13
Mississippi,28,2021,1968167,38108,586187,124967,303518,199843,303656,131795,29196,23016,1702178,86.49
Missouri,29,2021,4226634,67210,1303894,302328,573547,350837,823215,382906,79995,54527,3871249,91.59
Montana,30,2021,766758,12098,205527,59044,122627,69432,171377,64867,17438,13138,723450,94.35
Nebraska,31,2021,1292536,17892,325200,100264,180754,139742,286510,110814,27169,20768,1191221,92.16
Nevada,32,2021,2192826,63486,597385,169818,342708,196636,393208,151284,37186,22948,1911173,87.16
New Hampshire,33,2021,1008318,10550,267904,64794,114463,99262,247356,121904,20062,16493,952238,94.44
New Jersey,34,2021,6474427,123447,1649422,346790,649632,454004,1664353,829918,182026,114349,5890494,90.98
New Mexico,35,2021,1450549,24699,372497,97614,231178,131736,231745,141079,30534,32572,1268955,87.48
New York,36,2021,13987094,336642,3409426,694070,1387569,1238762,3105839,1784939,449463,243446,12313514,88.03
North Carolina,37,2021,7245632,99828,1802594,445998,990945,729951,1573681,701259,143710,111007,6499145,89.7
North Dakota,38,2021,506739,6228,133316,34626,72172,73471,113314,33528,7136,6869,474432,93.62
Ohio,39,2021,8117973,128382,2664759,558656,1002891,727443,1536624,715694,141585,100007,7447659,91.74
Oklahoma,40,2021,2639889,49383,811661,200810,378105,214116,483168,180357,40287,33371,2341875,88.71
Oregon,41,2021,3030635,53206,664591,248274,498671,271776,680306,291933,71611,57211,2784373,91.87
Pennsylvania,42,2021,9161945,135840,3047979,492704,901567,811426,1887722,914403,205288,157572,8418661,91.89
Rhode Island,44,2021,773464,13748,214431,44990,85506,62195,161594,86087,18738,15907,689448,89.14
South Carolina,45,2021,3598398,66359,1026970,220799,472792,369204,704740,321187,65540,43169,3224401,89.61
South Dakota,46,2021,590377,9442,172971,35491,83012,70944,127258,40741,11934,7013,549364,93.05
Tennessee,47,2021,4814533,81981,1502435,320462,656777,373330,924404,380364,91032,71681,4320485,89.74
Texas,48,2021,19224688,405152,4723476,1258124,2618254,1449493,4077821,1664046,359084,265486,16415784,85.39
Utah,49,2021,2010727,34230,445010,163888,333288,191196,484882,187250,38994,28971,1873479,93.17
Vermont,50,2021,462705,4952,121159,23882,49026,37790,120373,60950,13798,10500,437478,94.55
Virginia,51,2021,5942672,83017,1420599,356524,712717,456400,1394875,803551,168793,117241,5430700,91.38
Washington,53,2021,5401149,88438,1168676,392168,777607,544731,1287465,599751,120762,96684,4987844,92.35
West Virginia,54,2021,1265439,19418,495311,76049,146702,100721,179376,90559,21830,13423,1123971,88.82
Wisconsin,55,2021,4076339,62908,1222356,273525,520791,461115,876467,322544,71708,55759,3804265,93.33
Wyoming,56,2021,395348,5691,107814,35005,62610,48945,73255,30871,6773,4719,369992,93.59
Alaska,2,2021,485779,7229,135473,34890,83360,40276,101422,39120,12444,6304,453289,93.31
Alabama,1,2022,3474924,68302,1057155,228841,487303,311537,609316,286677,61890,42908,3085627,88.8
Alaska,2,2022,489218,8169,142455,33863,82215,48370,94168,39551,9379,6548,456549,93.32
Arizona,4,2022,5053656,115852,1202946,375978,784958,475387,1032052,463372,97473,73242,4505408,89.15
Arkansas,5,2022,2057624,34961,705670,146309,291767,167634,323961,144054,30805,23987,1834187,89.14
California,6,2022,26866773,738320,5506855,1610206,3582648,2115440,6056169,2643964,718109,517699,22751090,84.68
Colorado,8,2022,4084004,62130,823109,244723,517456,339016,1177891,508701,105518,83022,3799436,93.03
Connecticut,9,2022,2545188,40900,660047,143069,262624,197009,584999,345966,85582,49857,2329153,91.51
Delaware,10,2022,724041,11416,204385,48071,87620,61657,151894,81198,16336,14956,666117,92.0
District of Columbia,11,2022,479231,5579,64543,15868,39217,15974,126678,115091,47094,24411,448876,93.67
Florida,12,2022,16104410,367680,4363609,1065936,1889702,1643815,3445343,1430806,410107,232162,14481480,89.92
Georgia,13,2022,7332980,137419,1979843,448261,952853,638973,1519625,733360,173021,118108,6564044,89.51
Hawaii,15,2022,1023843,18188,273910,64597,135942,113948,226124,90504,29159,16917,951101,92.9
Idaho,16,2022,1280178,21389,333105,102880,202762,125979,274409,99915,22131,16713,1177894,92.01
Illinois,17,2022,8692839,169212,2187110,572448,1091586,731898,1952990,968013,213624,140791,7858460,90.4
Indiana,18,2022,4584460,88704,1472890,331007,549891,424272,869217,357804,72718,57273,4135072,90.2
Iowa,19,2022,2159511,29574,637844,154829,269712,258299,463740,167964,38145,27957,2018490,93.47
Kansas,20,2022,1944891,27315,491928,158286,271166,176787,426910,194772,40463,30398,1790710,92.07
Kentucky,21,2022,3091499,52084,1002671,226878,388240,272315,508620,253773,61733,37210,2751440,89.0
Louisiana,22,2022,3096121,59896,1006184,199127,435982,221439,525044,218915,60815,35332,2702838,87.3
Maine,23,2022,1030141,10972,310778,58519,124350,109768,229764,99149,25435,17210,974973,94.64
Maryland,24,2022,4286216,70794,1009588,261327,473804,294875,996167,617106,136078,129354,3918299,91.42
Massachusetts,25,2022,4947384,79647,1136350,257805,448342,368426,1252187,735346,152320,167856,4518632,91.33
Michigan,26,2022,6978952,125942,1962345,539210,991922,673901,1361139,651795,134069,94849,6409230,91.84
Minnesota,27,2022,3918565,55114,917132,266686,501208,465947,995083,378864,94114,65650,3684684,94.03
Mississippi,28,2022,1963322,33652,604163,128315,291255,209877,297480,136302,28384,24020,1719796,87.6
Missouri,29,2022,4236010,65541,1275978,319714,568969,349715,835865,381114,86312,60726,3878393,91.56
Montana,30,2022,785438,9734,217592,57267,117759,74327,179708,65526,14504,12004,738687,94.05
Nebraska,31,2022,1300094,18887,326031,99577,181139,149122,293346,110690,27097,19384,1206386,92.79
Nevada,32,2022,2223852,71051,620161,176422,352879,193387,390872,144438,42724,23178,1944061,87.42
New Hampshire,33,2022,1024780,11370,277802,61313,110755,95635,252073,131091,19969,20137,968775,94.53
New Jersey,34,2022,6482223,123057,1635078,357416,629782,436335,1679895,834955,187268,119490,5880219,90.71
New Mexico,35,2022,1453129,25139,374107,95454,234378,132292,246178,139286,26893,30240,1278828,88.01
New York,36,2022,13892241,334899,3413879,704512,1312447,1223629,3097409,1774703,429744,254705,12211028,87.9
North Carolina,37,2022,7372120,106820,1834892,479544,944254,742711,1678483,708100,139874,121542,6649400,90.2
North Dakota,38,2022,514786,7151,131842,33740,80635,73150,115034,33321,9547,5939,483208,93.87
Ohio,39,2022,8130929,142040,2597720,574036,975584,712777,1578535,760014,157444,104386,7460496,91.75
Oklahoma,40,2022,2661141,49878,813545,209763,377407,223641,495467,187067,44357,32026,2383273,89.56
Oregon,41,2022,3043930,53631,690248,243718,477443,271686,675825,297339,77808,55267,2789334,91.64
Pennsylvania,42,2022,9151744,154178,3019642,509440,884765,813094,1899494,940588,204829,164782,8436634,92.19
Rhode Island,44,2022,778191,13302,192219,50748,90347,62473,185883,84304,22292,15933,704199,90.49
South Carolina,45,2022,3664922,68099,1015742,245183,491640,368850,725469,345957,68340,54737,3315918,90.48
South Dakota,46,2022,605735,7045,177171,38483,77380,80011,131481,41868,9890,8078,564362,93.17
Tennessee,47,2022,4868110,86574,1523487,331376,648241,381534,958365,391150,92489,71956,4398598,90.36
Texas,48,2022,19597383,404431,4733230,1297863,2673107,1519767,4242031,1779032,366285,264060,16875375,86.11
Utah,49,2022,2042912,38007,449458,154959,317269,203542,505215,194392,39257,36185,1900277,93.02
Vermont,50,2022,467643,5333,121782,22627,51560,41367,114633,65678,15182,11346,444175,94.98
Virginia,51,2022,5978782,88806,1431624,360707,706905,451737,1409942,818944,165133,128015,5473007,91.54
Washington,53,2022,5470209,95516,1176424,398743,762268,544596,1302707,624627,129492,102857,5041714,92.17
West Virginia,54,2022,1262566,18958,484166,81446,135471,111246,188793,88210,21126,14957,1125415,89.14
Wisconsin,55,2022,4088500,65281,1209135,270280,528285,455882,885548,344375,72109,56389,3822003,93.48
Wyoming,56,2022,399796,5112,109092,31521,68099,47844,71812,34361,5705,6288,374722,93.73
Puerto Rico,72,2022,2404438,17794,671662,38018,251872,284600,503506,148347,32681,33185,1963871,81.68
